0;101.096091;27.81883
1.2500022421591E-6;101.096091;0
2.50001176027581E-6;101.096091;27.80116
3.75002127839252E-6;101.096091;37.0741
5.00002352055162E-6;101.096091;0
6.25003303866833E-6;101.096091;0
7.50003528082743E-6;101.096091;9.266318
8.75004479894415E-6;101.096091;9.270734
1.00000543170609E-5;101.096091;9.266318
1.125005655922E-5;101.096091;46.35097
1.25000660773367E-5;101.096091;9.266318
1.37500755954534E-5;101.096091;18.53705
1.50000778376125E-5;101.096091;37.08514
1.62500873557292E-5;101.096091;37.08514
1.75000968738459E-5;101.096091;18.53043
1.8750099116005E-5;101.096091;18.54589
2.00001086341217E-5;101.096091;27.80999
2.12501181522384E-5;101.096091;9.266318
2.25001276703551E-5;101.096091;27.79233
2.37501299125142E-5;101.096091;44.26611
2.5000139430631E-5;101.096091;18.53043
2.62501489487477E-5;101.096091;9.26411
2.75001511909068E-5;101.096091;27.81883
2.87501607090235E-5;101.096091;18.53705
3.00001702271402E-5;101.096091;0
3.12501724692993E-5;101.096091;9.266318
3.2500181987416E-5;101.096091;9.26411
3.37501915055327E-5;101.096091;9.26411
3.50002010236494E-5;101.096091;27.81662
3.62502032658085E-5;101.096091;0
3.75002127839252E-5;101.096091;9.26411
3.87502150260843E-5;101.096091;18.52601
4.0000224544201E-5;101.096091;18.53705
4.12502267863601E-5;101.096091;0
4.25002363044769E-5;101.096091;9.277359
4.37502458225936E-5;101.096091;18.52601
4.50002480647527E-5;101.096091;0
4.62502575828694E-5;101.096091;9.261902
4.75002671009861E-5;101.096091;9.26411
4.87502693431452E-5;101.096091;27.81883
5.00002788612619E-5;101.096091;9.270734
5.12502883793786E-5;101.096091;9.26411
5.25002906215377E-5;101.096091;27.81232
5.37503001396544E-5;101.096091;18.53705
5.50003096577711E-5;101.096091;18.54809
5.62503118999302E-5;101.096091;55.67078
5.7500321418047E-5;101.096091;18.53043
5.87503309361637E-5;101.096091;18.53705
6.00003404542804E-5;101.096091;18.54368
6.12503426964395E-5;101.096091;9.26411
6.25003522145562E-5;101.096091;35.04149
6.37503617326729E-5;101.096091;9.266318
6.5000363974832E-5;101.096091;18.53705
6.62503734929487E-5;101.096091;9.266318
6.75003830110654E-5;101.096091;18.52601
6.87503852532245E-5;101.096091;2.063767
7.00003947713412E-5;101.096091;9.266318
7.12504042894579E-5;101.096091;27.80116
7.25004138075747E-5;101.096091;18.53043
7.37504160497338E-5;101.096091;18.54809
7.50004255678505E-5;101.096091;18.53705
7.62504278100096E-5;101.096091;0
7.75004373281263E-5;101.096091;9.270734
7.87504395702854E-5;101.096091;9.266318
8.00004490884021E-5;101.096091;18.53043
8.12504513305612E-5;101.096091;18.53043
8.25004608486779E-5;101.096091;0
8.37504703667946E-5;101.096091;0
8.50004798849113E-5;101.096091;0
8.62504821270704E-5;101.096091;18.53043
8.75004916451871E-5;101.096091;9.261902
8.87505011633039E-5;101.096091;20.62266
9.0000503405463E-5;101.096091;2.063275
9.12505129235797E-5;101.096091;18.52601
9.25005224416964E-5;101.096091;9.261902
9.37505246838555E-5;101.096091;9.266318
9.50005342019722E-5;101.096091;9.266318
9.62505437200889E-5;101.096091;9.270734
9.7500545962248E-5;101.096091;27.80116
9.87505554803647E-5;101.096091;37.10502
0.000100000564998481;101.096091;18.52601
0.000101250574516598;101.096091;27.79233
0.000102500576758757;101.096091;37.08514
0.000103750586276874;101.096091;46.3625
0.000105000595794991;101.096091;37.08514
0.00010625059803715;101.096091;29.8902
0.000107500607555266;101.096091;0
0.000108750617073383;101.096091;39.16314
0.000110000619315542;101.096091;18.53043
0.000111250628833659;101.096091;18.54368
0.000112500638351776;101.096091;18.53705
0.000113750640593935;101.096091;27.80999
0.000115000650112052;101.096091;18.53705
0.000116250652354211;101.096091;27.79233
0.000117500661872327;101.096091;27.79233
0.000118750664114486;101.096091;25.73126
0.000120000673632603;101.096091;46.37366
0.00012125068315072;101.096091;9.266318
0.000122500685392879;101.096091;9.266318
0.000123750694910996;101.096091;9.270734
0.000125000704429112;101.096091;18.52601
0.000126250713947229;101.096091;20.61284
0.000127500716189388;101.096091;9.270734
0.000128750725707505;101.096091;27.80999
0.000130000735225622;101.096091;18.53043
0.000131250737467781;101.096091;18.53264
0.000132500746985897;101.096091;27.79233
0.000133750756504014;101.096091;35.002
0.000135000758746173;101.096091;18.52601
0.00013625076826429;101.096091;37.08084
0.000137500777782407;101.096091;18.52601
0.000138750787300523;101.096091;18.53705
0.000140000789542682;101.096091;9.266318
0.000141250799060799;101.096091;9.266318
0.000142500808578916;101.096091;9.26411
0.000143750810821075;101.096091;27.80288
0.000145000820339192;101.096091;0
0.000146250829857308;101.096091;0
0.000147500832099468;101.096091;25.75579
0.000148750841617584;101.096091;18.54147
0.000150000843859743;101.096091;9.26411
0.00015125085337786;101.096091;37.06759
0.000152500862895977;101.096091;18.52601
0.000153750865138136;101.096091;37.09619
0.000155000874656253;101.096091;9.266318
0.000156250876898412;101.096091;9.26411
0.000157500886416528;101.096091;9.26411
0.000158750895934645;101.096091;0
0.000160000898176804;101.096091;55.64439
0.000161250907694921;101.096091;0
0.000162500917213038;101.096091;18.53043
0.000163750926731154;101.096091;18.53705
0.000165000928973313;101.096091;27.80999
0.00016625093849143;101.096091;0
0.000167500948009547;101.096091;20.60744
0.000168750950251706;101.096091;27.80999
0.000170000959769823;101.096091;16.46102
0.000171250969287939;101.096091;9.266318
0.000172500971530098;101.096091;37.08956
0.000173750981048215;101.096091;35.002
0.000175000990566332;101.096091;0
0.000176251000084449;101.096091;37.08514
0.000177501002326608;101.096091;18.52601
0.000178751011844724;101.096091;81.44508
0.000180001021362841;101.096091;11.32959
0.000181251023605;101.096091;20.59321
0.000182501033123117;101.096091;27.82324
0.000183751042641234;101.096091;27.80116
0.000185001044883393;101.096091;9.266318
0.000186251054401509;101.096091;11.3345
0.000187501056643669;101.096091;27.81883
0.000188751066161785;101.096091;0
0.000190001068403944;101.096091;20.61284
0.000191251077922061;101.096091;9.266318
0.000192501087440178;101.096091;18.52601
0.000193751089682337;101.096091;0
0.000195001099200454;101.096091;0
0.00019625110871857;101.096091;27.82545
0.000197501110960729;101.096091;0
0.000198751120478846;101.096091;9.261902
0.000200001129996963;101.096091;9.26411
0.00020125113951508;101.096091;46.37575
0.000202501141757239;101.096091;37.06306
0.000203751151275355;101.096091;27.80779
0.000205001160793472;101.096091;9.266318
0.000206251163035631;101.096091;37.08514
0.000207501172553748;101.096091;48.45154
0.000208751182071865;101.096091;39.13689
0.000210001184314024;101.096091;2.062783
0.00021125119383214;101.096091;37.09619
0.000212501203350257;101.096091;18.53705
0.000213751212868374;101.096091;18.54368
0.000215001215110533;101.096091;9.26411
0.00021625122462865;101.096091;18.53264
0.000217501234146766;101.096091;35.01255
0.000218751236388925;101.096091;18.52601
0.000220001245907042;101.096091;9.261902
0.000221251255425159;101.096091;46.33601
0.000222501257667318;101.096091;27.81883
0.000223751267185435;101.096091;37.06306
0.000225001269427594;101.096091;25.74966
0.000226251278945711;101.096091;18.54368
0.00022750128118787;101.096091;29.88259
0.000228751290705986;101.096091;27.80116
0.000230001300224103;101.096091;9.272943
0.000231251302466262;101.096091;34.99145
0.000232501311984379;101.096091;9.266318
0.000233751321502496;101.096091;27.80116
0.000235001323744655;101.096091;27.81883
0.000236251333262771;101.096091;27.79233
0.000237501342780888;101.096091;18.53043
0.000238751352299005;101.096091;18.54368
0.000240001354541164;101.096091;25.73126
0.000241251364059281;101.096091;18.54809
0.000242501373577397;101.096091;18.53705
0.000243751375819556;101.096091;18.54158
0.000245001385337673;101.096091;9.266318
0.00024625139485579;101.096091;9.26411
0.000247501397097949;101.096091;18.54368
0.000248751406616066;101.096091;18.54368
0.000250001416134182;101.096091;37.08514
0.000251251425652299;101.096091;18.54368
0.000252501427894458;101.096091;0
0.000253751437412575;101.096091;0
0.000255001446930692;101.096091;37.0741
0.000256251449172851;101.096091;9.270734
0.000257501458690967;101.096091;27.81883
0.000258751460933127;101.096091;2.063275
0.000260001470451243;101.096091;37.0741
0.00026125147996936;101.096091;0
0.000262501482211519;101.096091;18.53043
0.000263751491729636;101.096091;37.0741
0.000265001493971795;101.096091;27.80999
0.000266251503489912;101.096091;18.54589
0.000267501513008028;101.096091;18.54368
0.000268751515250187;101.096091;37.08514
0.000270001524768304;101.096091;18.53705
0.000271251534286421;101.096091;9.26411
0.00027250153652858;101.096091;9.266318
0.000273751546046697;101.096091;18.53705
0.000275001555564813;101.096091;18.53043
0.00027625156508293;101.096091;9.270734
0.000277501567325089;101.096091;18.54809
0.000278751576843206;101.096091;37.08747
0.000280001586361323;101.096091;18.53705
0.000281251588603482;101.096091;9.266318
0.000282501598121598;101.096091;37.08968
0.000283751607639715;101.096091;27.80999
0.000285001609881874;101.096091;0
0.000286251619399991;101.096091;9.261902
0.000287501628918108;101.096091;9.266318
0.000288751638436224;101.096091;18.53705
0.000290001640678383;101.096091;53.59449
0.0002912516501965;101.096091;9.26411
0.000292501659714617;101.096091;27.79233
0.000293751661956776;101.096091;53.59449
0.000295001671474893;101.096091;29.88259
0.000296251673717052;101.096091;27.80116
0.000297501683235168;101.096091;18.54809
0.000298751685477328;101.096091;39.15995
0.000300001694995444;101.096091;27.80116
0.000301251704513561;101.096091;27.81883
0.00030250170675572;101.096091;9.266318
0.000303751716273837;101.096091;18.53705
0.000305001725791954;101.096091;27.79233
0.000306251728034113;101.096091;27.82545
0.000307501737552229;101.096091;37.0741
0.000308751747070346;101.096091;9.270734
0.000310001749312505;101.096091;27.79233
0.000311251758830622;101.096091;27.80116
0.000312501768348739;101.096091;0
0.000313751770590898;101.096091;39.15995
0.000315001780109014;101.096091;2.063767
0.000316251789627131;101.096091;18.54809
0.000317501799145248;101.096091;0
0.000318751801387407;101.096091;18.53705
0.000320001810905524;101.096091;37.0741
0.00032125182042364;101.096091;46.33601
0.000322501822665799;101.096091;18.53043
0.000323751832183916;101.096091;0
0.000325001841702033;101.096091;27.80116
0.000326251843944192;101.096091;9.272943
0.000327501853462309;101.096091;2.064751
0.000328751862980425;101.096091;20.60744
0.000330001872498542;101.096091;16.48064
0.000331251874740701;101.096091;9.270734
0.000332501884258818;101.096091;2.063275
0.000333751886500977;101.096091;18.52601
0.000335001896019094;101.096091;37.0741
0.000336251898261253;101.096091;9.272943
0.00033750190777937;101.096091;37.0741
0.000338751910021529;101.096091;29.8902
0.000340001919539645;101.096091;9.270734
0.000341251929057762;101.096091;37.08514
0.000342501938575879;101.096091;0
0.000343751940818038;101.096091;0
0.000345001950336155;101.096091;46.34925
0.000346251959854271;101.096091;0
0.00034750196209643;101.096091;20.60033
0.000348751971614547;101.096091;55.62661
0.000350001981132664;101.096091;9.272943
0.000351251983374823;101.096091;2.063275
0.00035250199289294;101.096091;0
0.000353752002411056;101.096091;27.81883
0.000355002011929173;101.096091;0
0.000356252014171332;101.096091;0
0.000357502023689449;101.096091;9.270734
0.000358752033207566;101.096091;18.53043
0.000360002035449725;101.096091;37.10723
0.000361252044967841;101.096091;18.53043
0.000362502054485958;101.096091;0
0.000363752056728117;101.096091;18.53705
0.000365002066246234;101.096091;18.53705
0.000366252075764351;101.096091;27.81343
0.00036750207800651;101.096091;18.53043
0.000368752087524626;101.096091;27.80569
0.000370002097042743;101.096091;0
0.000371252099284902;101.096091;18.53043
0.000372502108803019;101.096091;27.80116
0.000373752111045178;101.096091;37.06306
0.000375002120563295;101.096091;0
0.000376252122805454;101.096091;9.266318
0.000377502132323571;101.096091;9.266318
0.000378752141841687;101.096091;0
0.000380002144083846;101.096091;9.270734
0.000381252153601963;101.096091;35.002
0.00038250216312008;101.096091;9.272943
0.000383752172638196;101.096091;18.52601
0.000385002174880356;101.096091;9.272943
0.000386252184398472;101.096091;9.26411
0.000387502193916589;101.096091;27.80337
0.000388752196158748;101.096091;9.261902
0.000390002205676865;101.096091;37.06306
0.000391252215194982;101.096091;9.26411
0.000392502217437141;101.096091;37.0741
0.000393752226955257;101.096091;18.53043
0.000395002236473374;101.096091;18.53043
0.000396252245991491;101.096091;18.53043
0.00039750224823365;101.096091;20.60744
0.000398752257751767;101.096091;18.52822
0.000400002267269883;101.096091;9.266318
0.000401252269512042;101.096091;9.26411
0.000402502279030159;101.096091;9.270734
0.000403752288548276;101.096091;18.53043
0.000405002290790435;101.096091;25.7396
0.000406252300308552;101.096091;46.35599
0.000407502302550711;101.096091;27.80569
0.000408752312068827;101.096091;27.79233
0.000410002321586944;101.096091;9.26411
0.000411252323829103;101.096091;0
0.00041250233334722;101.096091;27.80999
0.000413752335589379;101.096091;9.26411
0.000415002345107496;101.096091;37.09619
0.000416252354625612;101.096091;0
0.000417502356867772;101.096091;27.80116
0.000418752366385888;101.096091;9.261902
0.000420002375904005;101.096091;18.53705
0.000421252385422122;101.096091;0
0.000422502387664281;101.096091;11.33769
0.000423752397182398;101.096091;37.08514
0.000425002406700514;101.096091;18.54809
0.000426252408942673;101.096091;9.266318
0.00042750241846079;101.096091;18.53043
0.000428752427978907;101.096091;18.54147
0.000430002430221066;101.096091;9.270734
0.000431252439739183;101.096091;27.82545
0.000432502449257299;101.096091;35.002
0.000433752458775416;101.096091;18.53043
0.000435002461017575;101.096091;18.55251
0.000436252470535692;101.096091;18.53705
0.000437502480053809;101.096091;27.80116
0.000438752482295968;101.096091;18.53043
0.000440002491814084;101.096091;9.266318
0.000441252501332201;101.096091;39.17909
0.00044250250357436;101.096091;0
0.000443752513092477;101.096091;9.261902
0.000445002515334636;101.096091;44.27494
0.000446252524852753;101.096091;37.09619
0.000447502527094912;101.096091;37.06306
0.000448752536613028;101.096091;27.79233
0.000450002546131145;101.096091;18.53043
0.000451252548373304;101.096091;9.26411
0.000452502557891421;101.096091;11.32959
0.000453752567409538;101.096091;18.54809
0.000455002569651697;101.096091;18.52601
0.000456252579169814;101.096091;27.82115
0.00045750258868793;101.096091;18.53705
0.000458752598206047;101.096091;0
0.000460002600448206;101.096091;27.79233
0.000461252609966323;101.096091;9.261902
0.000462502619484439;101.096091;18.53705
0.000463752621726599;101.096091;2.063767
0.000465002631244715;101.096091;18.54368
0.000466252640762832;101.096091;27.82545
0.000467502643004991;101.096091;18.53705
0.000468752652523108;101.096091;35.002
0.000470002662041225;101.096091;16.47672
0.000471252671559341;101.096091;18.54147
0.0004725026738015;101.096091;9.266318
0.000473752683319617;101.096091;18.54368
0.000475002692837734;101.096091;46.33601
0.000476252695079893;101.096091;9.272943
0.00047750270459801;101.096091;27.8079
0.000478752714116126;101.096091;37.0741
0.000480002716358285;101.096091;27.79675
0.000481252725876402;101.096091;11.33769
0.000482502728118561;101.096091;9.266318
0.000483752737636678;101.096091;27.79233
0.000485002739878837;101.096091;27.80999
0.000486252749396954;101.096091;18.52601
0.00048750275891507;101.096091;27.82545
0.00048875276115723;101.096091;9.266318
0.000490002770675346;101.096091;55.65753
0.000491252780193463;101.096091;18.52601
0.000492502782435622;101.096091;46.35097
0.000493752791953739;101.096091;20.60843
0.000495002801471855;101.096091;18.54368
0.000496252803714015;101.096091;18.53043
0.000497502813232131;101.096091;37.08514
0.000498752822750248;101.096091;18.54368
0.000500002832268365;101.096091;37.09619
0.000501252834510524;101.096091;18.53043
0.000502502844028641;101.096091;0
0.000503752853546757;101.096091;9.266318
0.000505002855788916;101.096091;9.266318
0.000506252865307033;101.096091;27.80999
0.00050750287482515;101.096091;9.272943
0.000508752877067309;101.096091;46.39783
0.000510002886585426;101.096091;9.270734
0.000511252896103542;101.096091;35.04983
0.000512502905621659;101.096091;18.53705
0.000513752907863818;101.096091;46.38679
0.000515002917381935;101.096091;0
0.000516252919624094;101.096091;37.10502
0.000517502929142211;101.096091;72.16467
0.000518752938660327;101.096091;18.54158
0.000520002940902486;101.096091;37.09619
0.000521252950420603;101.096091;62.84462
0.000522502952662762;101.096091;27.83208
0.000523752962180879;101.096091;46.36029
0.000525002971698996;101.096091;25.75579
0.000526252973941155;101.096091;37.09619
0.000527502983459271;101.096091;27.81883
0.000528752992977388;101.096091;72.20134
0.000530002995219547;101.096091;27.81883
0.000531253004737664;101.096091;27.83208
0.000532503014255781;101.096091;9.261902
0.00053375301649794;101.096091;18.54809
0.000535003026016057;101.096091;37.09619
0.000536253035534173;101.096091;27.80116
0.00053750304505229;101.096091;27.80569
0.000538753047294449;101.096091;37.09619
0.000540003056812566;101.096091;9.270734
0.000541253066330682;101.096091;37.10502
0.000542503068572842;101.096091;37.09619
0.000543753078090958;101.096091;18.54809
0.000545003087609075;101.096091;18.54368
0.000546253089851234;101.096091;18.53705
0.000547503099369351;101.096091;27.80999
0.000548753108887468;101.096091;18.52601
0.000550003118405584;101.096091;9.26411
0.000551253120647743;101.096091;44.30217
0.00055250313016586;101.096091;35.01255
0.000553753132408019;101.096091;18.53705
0.000555003141926136;101.096091;20.60744
0.000556253144168295;101.096091;60.76461
0.000557503153686412;101.096091;25.72513
0.000558753163204528;101.096091;55.61116
0.000560003165446687;101.096091;9.266318
0.000561253174964804;101.096091;9.26411
0.000562503184482921;101.096091;27.80999
0.00056375318672508;101.096091;27.80116
0.000565003196243197;101.096091;25.74966
0.000566253205761313;101.096091;29.88259
0.000567503208003473;101.096091;9.26411
0.000568753217521589;101.096091;37.07582
0.000570003227039706;101.096091;9.261902
0.000571253229281865;101.096091;9.266318
0.000572503238799982;101.096091;4.129527
0.000573753248318098;101.096091;11.32959
0.000575003257836215;101.096091;0
0.000576253260078374;101.096091;9.26411
0.000577503269596491;101.096091;27.82545
0.000578753279114608;101.096091;27.82104
0.000580003281356767;101.096091;18.53705
0.000581253290874884;101.096091;9.26411
0.000582503300393;101.096091;11.32959
0.000583753302635159;101.096091;27.84532
0.000585003312153276;101.096091;46.35588
0.000586253321671393;101.096091;37.06748
0.000587503323913552;101.096091;18.54368
0.000588753333431669;101.096091;27.79233
0.000590003342949785;101.096091;18.53705
0.000591253345191944;101.096091;18.53705
0.000592503354710061;101.096091;27.81883
0.00059375335695222;101.096091;0
0.000595003366470337;101.096091;9.261902
0.000596253368712496;101.096091;37.08514
0.000597503378230613;101.096091;27.80999
0.000598753387748729;101.096091;25.73126
0.000600003389990889;101.096091;27.80999
0.000601253399509005;101.096091;55.61116
0.000602503409027122;101.096091;27.82545
0.000603753418545239;101.096091;18.54368
0.000605003420787398;101.096091;37.08514
0.000606253430305514;101.096091;9.270734
0.000607503439823631;101.096091;37.08514
0.00060875344206579;101.096091;27.79233
0.000610003451583907;101.096091;46.34925
0.000611253461102024;101.096091;18.54809
0.000612503463344183;101.096091;55.67078
0.0006137534728623;101.096091;64.95697
0.000615003482380416;101.096091;35.04983
0.000616253491898533;101.096091;18.54368
0.000617503494140692;101.096091;53.62001
0.000618753503658809;101.096091;44.32327
0.000620003513176925;101.096091;27.84532
0.000621253515419085;101.096091;65.03425
0.000622503524937201;101.096091;27.82545
0.000623753534455318;101.096091;37.14035
0.000625003536697477;101.096091;37.12268
0.000626253546215594;101.096091;74.18967
0.000627503555733711;101.096091;46.36594
0.00062875355797587;101.096091;35.04149
0.000630003567493986;101.096091;46.34925
0.000631253569736145;101.096091;18.53705
0.000632503579254262;101.096091;9.26411
0.000633753581496421;101.096091;20.60033
0.000635003591014538;101.096091;27.82777
0.000636253600532655;101.096091;53.56505
0.000637503602774814;101.096091;9.26411
0.00063875361229293;101.096091;37.09619
0.000640003621811047;101.096091;37.10502
0.000641253631329164;101.096091;27.80999
0.000642503633571323;101.096091;9.27515
0.00064375364308944;101.096091;27.80116
0.000645003652607556;101.096091;18.53705
0.000646253654849716;101.096091;27.80999
0.000647503664367832;101.096091;18.53705
0.000648753673885949;101.096091;0
0.000650003676128108;101.096091;37.0741
0.000651253685646225;101.096091;27.80116
0.000652503695164341;101.096091;9.270734
0.000653753704682458;101.096091;46.36483
0.000655003706924617;101.096091;90.73369
0.000656253716442734;101.096091;83.59731
0.000657503725960851;101.096091;113.6864
0.00065875372820301;101.096091;95.11462
0.000660003737721127;101.096091;121.0352
0.000661253747239243;101.096091;139.5646
0.000662503749481402;101.096091;172.7155
0.000663753758999519;101.096091;46.41991
0.000665003761241678;101.096091;102.1724
0.000666253770759795;101.096091;139.403
0.000667503780277912;101.096091;95.02898
0.000668753782520071;101.096091;137.4368
0.000670003792038187;101.096091;72.20808
0.000671253794280346;101.096091;106.3084
0.000672503803798463;101.096091;46.39783
0.00067375381331658;101.096091;111.4764
0.000675003815558739;101.096091;92.83786
0.000676253825076856;101.096091;37.14918
0.000677503834594972;101.096091;46.38679
0.000678753844113089;101.096091;72.21619
0.000680003846355248;101.096091;83.55817
0.000681253855873365;101.096091;18.55251
0.000682503865391482;101.096091;20.61284
0.000683753867633641;101.096091;27.85857
0.000685003877151757;101.096091;76.35329
0.000686253886669874;101.096091;18.53705
0.000687503888912033;101.096091;39.17909
0.00068875389843015;101.096091;53.62454
0.000690003907948267;101.096091;37.12268
0.000691253917466383;101.096091;27.82324
0.000692503919708543;101.096091;46.40016
0.000693753929226659;101.096091;27.80999
0.000695003938744776;101.096091;83.57572
0.000696253940986935;101.096091;48.45154
0.000697503950505052;101.096091;18.56576
0.000698753960023168;101.096091;18.55693
0.000700003962265328;101.096091;59.87196
0.000701253971783444;101.096091;46.36703
0.000702503974025603;101.096091;27.80116
0.00070375398354372;101.096091;9.270734
0.000705003985785879;101.096091;64.94151
0.000706253995303996;101.096091;18.54368
0.000707504004822113;101.096091;18.54368
0.000708754007064272;101.096091;39.19774
0.000710004016582388;101.096091;37.08514
0.000711254026100505;101.096091;11.33769
0.000712504028342664;101.096091;46.37808
0.000713754037860781;101.096091;39.15295
0.000715004047378898;101.096091;9.270734
0.000716254049621057;101.096091;18.53264
0.000717504059139173;101.096091;46.34925
0.00071875406865729;101.096091;92.81749
0.000720004078175407;101.096091;27.81883
0.000721254080417566;101.096091;44.31272
0.000722504089935683;101.096091;2.065734
0.000723754099453799;101.096091;18.53043
0.000725004101695959;101.096091;18.53043
0.000726254111214075;101.096091;9.272943
0.000727504120732192;101.096091;18.54368
0.000728754122974351;101.096091;18.53264
0.000730004132492468;101.096091;27.82545
0.000731254142010584;101.096091;18.53043
0.000732504151528701;101.096091;27.80116
0.00073375415377086;101.096091;11.3345
0.000735004163288977;101.096091;18.54368
0.000736254172807094;101.096091;64.91292
0.000737504175049253;101.096091;18.53043
0.00073875418456737;101.096091;20.60744
0.000740004186809529;101.096091;18.53705
0.000741254196327645;101.096091;44.30217
0.000742504198569804;101.096091;35.03094
0.000743754208087921;101.096091;53.53512
0.000745004217606038;101.096091;44.31272
0.000746254219848197;101.096091;72.13093
0.000747504229366314;101.096091;9.272943
0.00074875423888443;101.096091;62.86351
0.000750004241126589;101.096091;18.53043
0.000751254250644706;101.096091;0
0.000752504260162823;101.096091;37.10281
0.000753754262404982;101.096091;44.2877
0.000755004271923099;101.096091;35.01255
0.000756254281441215;101.096091;0
0.000757504290959332;101.096091;20.62266
0.000758754293201491;101.096091;27.81883
0.000760004302719608;101.096091;9.272943
0.000761254312237725;101.096091;18.54368
0.000762504314479884;101.096091;37.14488
0.000763754323998;101.096091;63.06027
0.000765004333516117;101.096091;76.53697
0.000766254335758276;101.096091;167.664
0.000767504345276393;101.096091;148.9717
0.00076875435479451;101.096091;167.8931
0.000770004364312626;101.096091;151.0216
0.000771254366554786;101.096091;221.955
0.000772504376072902;101.096091;109.5938
0.000773754378315061;101.096091;202.869
0.000775004387833178;101.096091;181.7344
0.000776254397351295;101.096091;167.7186
0.000777504399593454;101.096091;113.6207
0.000778754409111571;101.096091;183.9271
0.00078000441135373;101.096091;115.7227
0.000781254420871846;101.096091;150.8649
0.000782504430389963;101.096091;27.85195
0.000783754432632122;101.096091;92.94373
0.000785004442150239;101.096091;76.41906
0.000786254451668356;101.096091;64.97022
0.000787504453910515;101.096091;83.60185
0.000788754463428631;101.096091;97.05058
0.000790004472946748;101.096091;92.89503
0.000791254475188907;101.096091;37.12268
0.000792504484707024;101.096091;90.72208
0.000793754494225141;101.096091;53.59449
0.000795004503743257;101.096091;18.54368
0.000796254505985416;101.096091;18.53705
0.000797504515503533;101.096091;64.93058
0.00079875452502165;101.096091;9.283983
0.000800004527263809;101.096091;20.62315
0.000801254536781926;101.096091;27.80337
0.000802504546300042;101.096091;62.84462
0.000803754548542202;101.096091;9.272943
0.000805004558060318;101.096091;46.33601
0.000806254567578435;101.096091;44.27494
0.000807504577096552;101.096091;37.08514
0.000808754579338711;101.096091;18.54809
0.000810004588856827;101.096091;46.37807
0.000811254591098987;101.096091;64.90618
0.000812504600617103;101.096091;0
0.000813754602859262;101.096091;37.08514
0.000815004612377379;101.096091;27.8079
0.000816254621895496;101.096091;27.80116
0.000817504624137655;101.096091;27.83208
0.000818754633655772;101.096091;27.81883
0.000820004643173888;101.096091;55.64207
0.000821254645416047;101.096091;35.002
0.000822504654934164;101.096091;46.40887
0.000823754664452281;101.096091;18.54368
0.00082500466669444;101.096091;27.82545
0.000826254676212557;101.096091;97.93624
0.000827504685730673;101.096091;2.063767
0.000828754687972832;101.096091;20.61284
0.000830004697490949;101.096091;18.54539
0.000831254707009066;101.096091;18.52601
0.000832504709251225;101.096091;35.00653
0.000833754718769342;101.096091;18.54809
0.000835004728287458;101.096091;9.272943
0.000836254737805575;101.096091;18.54368
0.000837504740047734;101.096091;0
0.000838754749565851;101.096091;27.80116
0.000840004759083968;101.096091;2.063767
0.000841254761326127;101.096091;18.53043
0.000842504770844243;101.096091;0
0.00084375478036236;101.096091;9.261902
0.000845004789880477;101.096091;39.17909
0.000846254792122636;101.096091;27.80116
0.000847504801640753;101.096091;9.26411
0.000848754803882912;101.096091;0
0.000850004813401029;101.096091;9.266318
0.000851254815643188;101.096091;25.7396
0.000852504825161304;101.096091;18.52601
0.000853754827403463;101.096091;18.53705
0.00085500483692158;101.096091;0
0.000856254846439697;101.096091;18.53705
0.000857504855957814;101.096091;11.32689
0.000858754858199973;101.096091;20.61064
0.000860004867718089;101.096091;27.80569
0.000861254877236206;101.096091;9.261902
0.000862504879478365;101.096091;0
0.000863754888996482;101.096091;9.272943
0.000865004898514599;101.096091;18.54368
0.000866254900756758;101.096091;37.10502
0.000867504910274874;101.096091;9.26411
0.000868754919792991;101.096091;27.80999
0.000870004929311108;101.096091;55.68402
0.000871254931553267;101.096091;55.64207
0.000872504941071384;101.096091;44.30217
0.0008737549505895;101.096091;0
0.000875004952831659;101.096091;18.52601
0.000876254962349776;101.096091;9.26411
0.000877504971867893;101.096091;16.47672
0.000878754974110052;101.096091;18.54809
0.000880004983628169;101.096091;34.99145
0.000881254993146285;101.096091;27.80116
0.000882504995388445;101.096091;37.09619
0.000883755004906561;101.096091;37.0741
0.000885005014424678;101.096091;37.10502
0.000886255016666837;101.096091;18.53705
0.000887505026184954;101.096091;9.266318
0.000888755028427113;101.096091;20.61775
0.00089000503794523;101.096091;2.066226
0.000891255040187389;101.096091;27.80999
0.000892505049705505;101.096091;9.261902
0.000893755059223622;101.096091;0
0.000895005061465781;101.096091;9.272943
0.000896255070983898;101.096091;9.266318
0.000897505080502015;101.096091;25.73126
0.000898755090020131;101.096091;18.54809
0.00090000509226229;101.096091;0
0.000901255101780407;101.096091;27.81441
0.000902505111298524;101.096091;0
0.000903755113540683;101.096091;9.27515
0.0009050051230588;101.096091;20.60843
0.000906255132576916;101.096091;27.81883
0.000907505134819075;101.096091;18.52601
0.000908755144337192;101.096091;27.80116
0.000910005153855309;101.096091;37.0741
0.000911255163373426;101.096091;9.272943
0.000912505165615585;101.096091;0
0.000913755175133701;101.096091;18.54158
0.000915005184651818;101.096091;18.54368
0.000916255186893977;101.096091;48.47684
0.000917505196412094;101.096091;44.32327
0.000918755205930211;101.096091;22.67222
0.00092000520817237;101.096091;27.80337
0.000921255217690486;101.096091;55.67531
0.000922505219932646;101.096091;20.60744
0.000923755229450762;101.096091;9.266318
0.000925005238968879;101.096091;9.26411
0.000926255241211038;101.096091;35.01255
0.000927505250729155;101.096091;55.61116
0.000928755252971314;101.096091;0
0.000930005262489431;101.096091;9.261902
0.000931255272007547;101.096091;18.53705
0.000932505274249706;101.096091;18.54809
0.000933755283767823;101.096091;9.266318
0.00093500529328594;101.096091;9.266318
0.000936255302804057;101.096091;20.60033
0.000937505305046216;101.096091;0
0.000938755314564332;101.096091;18.54368
0.000940005324082449;101.096091;27.80999
0.000941255326324608;101.096091;27.80116
0.000942505335842725;101.096091;2.063275
0.000943755345360842;101.096091;18.54368
0.000945005347603001;101.096091;20.60744
0.000946255357121117;101.096091;18.52601
0.000947505366639234;101.096091;18.53705
0.000948755376157351;101.096091;2.063275
0.00095000537839951;101.096091;27.80999
0.000951255387917627;101.096091;81.37996
0.000952505397435743;101.096091;9.261902
0.000953755399677902;101.096091;27.80116
0.000955005409196019;101.096091;18.54368
0.000956255418714136;101.096091;46.3625
0.000957505420956295;101.096091;53.55009
0.000958755430474412;101.096091;27.80999
0.000960005432716571;101.096091;27.80779
0.000961255442234688;101.096091;18.53043
0.000962505444476847;101.096091;18.53705
0.000963755453994963;101.096091;18.54809
0.00096500546351308;101.096091;9.270734
0.000966255465755239;101.096091;9.261902
0.000967505475273356;101.096091;0
0.000968755484791473;101.096091;0
0.000970005487033632;101.096091;35.01255
0.000971255496551748;101.096091;9.270734
0.000972505506069865;101.096091;55.62661
0.000973755515587982;101.096091;46.3625
0.000975005517830141;101.096091;9.26411
0.000976255527348258;101.096091;18.52601
0.000977505536866374;101.096091;18.53705
0.000978755539108533;101.096091;27.83208
0.00098000554862665;101.096091;46.37354
0.000981255558144767;101.096091;37.09851
0.000982505560386926;101.096091;18.53705
0.000983755569905043;101.096091;37.08514
0.000985005579423159;101.096091;37.08514
0.000986255588941276;101.096091;2.064751
0.000987505591183435;101.096091;55.64207
0.000988755600701552;101.096091;9.26411
0.000990005610219669;101.096091;18.54368
0.000991255612461828;101.096091;27.80999
0.000992505621979944;101.096091;0
0.000993755631498061;101.096091;18.53043
0.00099500563374022;101.096091;0
0.000996255643258337;101.096091;9.261902
0.000997505645500496;101.096091;18.52601
0.000998755655018613;101.096091;20.60033
0.00100000565726077;101.096091;27.80999
0.00100125566677889;101.096091;18.53043
0.00100250567629701;101.096091;37.0741
0.00100375567853916;101.096091;18.52601
0.00100500568805728;101.096091;64.92617
0.0010062556975754;101.096091;37.0741
0.00100750569981756;101.096091;0
0.00100875570933567;101.096091;9.266318
0.00101000571885379;101.096091;18.53705
0.00101125572109595;101.096091;64.92385
0.00101250573061407;101.096091;37.10502
0.00101375574013218;101.096091;92.79788
0.0010150057496503;101.096091;297.8376
0.00101625575189246;101.096091;579.2405
0.00101750576141058;101.096091;732.7701
0.00101875577092869;101.096091;2126.72
0.00102000577317085;101.096091;4209.121
0.00102125578268897;101.096091;6055.498
0.00102250579220708;101.096091;6415.946
0.00102375579444924;101.096091;6159.348
0.00102500580396736;101.096091;6169.315
0.00102625581348548;101.096091;6292.772
0.00102750582300359;101.096091;5524.059
0.00102875582524575;101.096091;5536.67
0.00103000583476387;101.096091;4678.419
0.00103125583700603;101.096091;4632.634
0.00103250584652415;101.096091;4786.368
0.00103375585604226;101.096091;6127.068
0.00103500585828442;101.096091;6157.937
0.00103625586780254;101.096091;7516.693
0.0010375058700447;101.096091;9404.558
0.00103875587956281;101.096091;12031.53
0.00104000588908093;101.096091;12944.54
0.00104125589132309;101.096091;11646.87
0.00104250590084121;101.096091;9991.699
0.00104375591035932;101.096091;8977.517
0.00104500591260148;101.096091;8923.091
0.0010462559221196;101.096091;8990.844
0.00104750593163772;101.096091;7755.229
0.00104875593387987;101.096091;7725.503
0.00105000594339799;101.096091;8621.579
0.00105125595291611;101.096091;8138.584
0.00105250595515827;101.096091;8900.348
0.00105375596467638;101.096091;10746.57
0.0010550059741945;101.096091;14003.75
0.00105625598371262;101.096091;17493.79
0.00105750598595478;101.096091;17199.2
0.00105875599547289;101.096091;14887.27
0.00106000600499101;101.096091;13229.81
0.00106125600723317;101.096091;12260.91
0.00106250601675129;101.096091;11337.46
0.0010637560262694;101.096091;11765.4
0.00106500602851156;101.096091;11606.34
0.00106625603802968;101.096091;10225.34
0.00106750604754779;101.096091;11128.74
0.00106875604978995;101.096091;11363.27
0.00107000605930807;101.096091;11555.33
0.00107125606155023;101.096091;10716.92
0.00107250607106835;101.096091;15004.28
0.00107375608058646;101.096091;17664.38
0.00107500608282862;101.096091;20648.26
0.00107625609234674;101.096091;19829.04
0.0010775060945889;101.096091;17175.37
0.00107875610410701;101.096091;14910.45
0.00108000611362513;101.096091;14896.65
0.00108125612314325;101.096091;13997.53
0.00108250612538541;101.096091;13525.17
0.00108375613490352;101.096091;13382.31
0.00108500614442164;101.096091;13521.35
0.0010862561466638;101.096091;13552.17
0.00108750615618192;101.096091;12693.89
0.00108875616570003;101.096091;14239.92
0.00109000616794219;101.096091;18552.56
0.00109125617746031;101.096091;21581.86
0.00109250618697843;101.096091;22472.45
0.00109375618922058;101.096091;19937.74
0.0010950061987387;101.096091;17554.56
0.00109625620825682;101.096091;15246.15
0.00109750621777494;101.096091;14349.69
0.00109875622001709;101.096091;14128.23
0.00110000622953521;101.096091;13909.98
0.00110125623905333;101.096091;13277.66
0.00110250624129549;101.096091;13993.1
0.0011037562508136;101.096091;13714.98
0.00110500626033172;101.096091;13971.03
0.00110625626257388;101.096091;14030.96
0.001107506272092;101.096091;16626.94
0.00110875627433416;101.096091;23417.47
0.00111000628385227;101.096091;27475.56
0.00111125628609443;101.096091;27453.57
0.00111250629561255;101.096091;24681.56
0.00111375630513066;101.096091;20712.47
0.00111500630737282;101.096091;18584.33
0.00111625631689094;101.096091;17078.44
0.00111750632640906;101.096091;17213.42
0.00111875632865122;101.096091;17342.9
0.00112000633816933;101.096091;17642.53
0.00112125634768745;101.096091;17296.49
0.00112250635720557;101.096091;18400.39
0.00112375635944773;101.096091;17677.37
0.00112500636896584;101.096091;18393.06
0.00112625637848396;101.096091;21043.7
0.00112750638072612;101.096091;25512.41
0.00112875639024423;101.096091;30129.3
0.00113000639976235;101.096091;29654.03
0.00113125640200451;101.096091;26513.21
0.00113250641152263;101.096091;22057.33
0.00113375642104074;101.096091;21117.67
0.00113500643055886;101.096091;18178.32
0.00113625643280102;101.096091;17516.17
0.00113750644231914;101.096091;17512.75
0.00113875645183725;101.096091;15854.54
0.00114000645407941;101.096091;16500.77
0.00114125646359753;101.096091;15828.75
0.00114250647311565;101.096091;16663.84
0.0011437564753578;101.096091;15850.68
0.00114500648487592;101.096091;17963.96
0.00114625648711808;101.096091;23195.21
0.0011475064966362;101.096091;27152.83
0.00114875649887836;101.096091;29021.78
0.00115000650839647;101.096091;26724.55
0.00115125651791459;101.096091;23311.01
0.00115250652015675;101.096091;20711.61
0.00115375652967487;101.096091;18444.41
0.00115500653919298;101.096091;16615.36
0.00115625654143514;101.096091;16171.11
0.00115750655095326;101.096091;14941.5
0.00115875656047137;101.096091;15735.37
0.00116000656271353;101.096091;15086.96
0.00116125657223165;101.096091;14672.86
0.00116250658174977;101.096091;12854.64
0.00116375659126788;101.096091;11776.87
0.00116500659351004;101.096091;15557.55
0.00116625660302816;101.096091;19943.91
0.00116750661254628;101.096091;23713.35
0.00116875661478844;101.096091;25596.34
0.00117000662430655;101.096091;23984.97
0.00117125663382467;101.096091;21819.83
0.00117250663606683;101.096091;18025.94
0.00117375664558494;101.096091;16002.96
0.00117500665510306;101.096091;13108.2
0.00117625666462118;101.096091;10899.11
0.00117750666686334;101.096091;9838.003
0.00117875667638145;101.096091;8793.25
0.00118000667862361;101.096091;6907.135
0.00118125668814173;101.096091;6229.156
0.00118250669765985;101.096091;5705.45
0.00118375669990201;101.096091;5548.978
0.00118500670942012;101.096091;4837.712
0.00118625671166228;101.096091;4244.737
0.0011875067211804;101.096091;4263.371
0.00118875673069851;101.096091;3636.663
0.00119000673294067;101.096091;3402.613
0.00119125674245879;101.096091;3351.823
0.00119250675197691;101.096091;3404.244
0.00119375675421907;101.096091;3162.494
0.00119500676373718;101.096091;2848.265
0.0011962567732553;101.096091;2957.794
0.00119750677549746;101.096091;2434.022
0.00119875678501558;101.096091;2656.434
0.00120000679453369;101.096091;2413.1
0.00120125679677585;101.096091;2316.205
0.00120250680629397;101.096091;2575.827
0.00120375681581208;101.096091;2193.297
0.0012050068253302;101.096091;2215.344
0.00120625682757236;101.096091;2319.07
0.00120750683709048;101.096091;2208.574
0.00120875684660859;101.096091;2084.974
0.00121000684885075;101.096091;1987.973
0.00121125685836887;101.096091;2183.137
0.00121250686788699;101.096091;2258.711
0.00121375687012915;101.096091;1983.793
0.00121500687964726;101.096091;2019.791
0.00121625688916538;101.096091;2061.733
0.00121750689140754;101.096091;1817.295
0.00121875690092565;101.096091;1868.241
0.00122000690316781;101.096091;1741.646
0.00122125691268593;101.096091;2185.33
0.00122250692220405;101.096091;1574.124
0.00122375692444621;101.096091;1943.65
0.00122500693396432;101.096091;1778.115
0.00122625693620648;101.096091;1718.341
0.0012275069457246;101.096091;1662.86
0.00122875695524272;101.096091;1510.261
0.00123000696476083;101.096091;2004.137
0.00123125696700299;101.096091;1823.511
0.00123250697652111;101.096091;1533.802
0.00123375698603923;101.096091;1758.218
0.00123500698828138;101.096091;1725.086
0.0012362569977995;101.096091;1586.779
0.00123750700731762;101.096091;1503.103
0.00123875700955978;101.096091;1777.883
0.00124000701907789;101.096091;1515.65
0.00124125702859601;101.096091;1536.294
0.00124250703811413;101.096091;1544.586
0.00124375704035629;101.096091;1541.368
0.0012450070498744;101.096091;1543.281
0.00124625705939252;101.096091;1534.268
0.00124750706163468;101.096091;1495.621
0.0012487570711528;101.096091;1486.645
0.00125000708067091;101.096091;1563.564
0.00125125708291307;101.096091;1679.02
0.00125250709243119;101.096091;1690.758
0.0012537571019493;101.096091;1359.866
0.00125500710419146;101.096091;1667.913
0.00125625711370958;101.096091;1348.83
0.00125750711595174;101.096091;1525.58
0.00125875712546986;101.096091;1405.877
0.00126000712771202;101.096091;1467.84
0.00126125713723013;101.096091;1443.946
0.00126250714674825;101.096091;1568.267
0.00126375714899041;101.096091;1044.192
0.00126500715850852;101.096091;1383.567
0.00126625716802664;101.096091;1256.514
0.0012675071702688;101.096091;1564.806
0.00126875717978692;101.096091;1353.553
0.00127000718930503;101.096091;1350.758
0.00127125719882315;101.096091;1436.685
0.00127250720106531;101.096091;1428.879
0.00127375721058343;101.096091;1385.866
0.00127500722010154;101.096091;1380.134
0.0012762572223437;101.096091;1378.567
0.00127750723186182;101.096091;1226.246
0.00127875724137994;101.096091;1547.123
0.00128000724362209;101.096091;1405.536
0.00128125725314021;101.096091;1553.917
0.00128250726265833;101.096091;1347.452
0.00128375727217644;101.096091;1485.425
0.0012850072744186;101.096091;1322.132
0.00128625728393672;101.096091;1341.259
0.00128750729345484;101.096091;1518.4
0.001288757295697;101.096091;1311.911
0.00129000730521511;101.096091;1347.644
0.00129125731473323;101.096091;1290.687
0.00129250731697539;101.096091;1467.778
0.00129375732649351;101.096091;1273.036
0.00129500732873566;101.096091;1316.069
0.00129625733825378;101.096091;1374.303
0.00129750734049594;101.096091;1367.576
0.00129875735001406;101.096091;1353.007
0.00130000735953217;101.096091;1291.871
0.00130125736177433;101.096091;1168.501
0.00130250737129245;101.096091;1187.664
0.00130375738081057;101.096091;1314.551
0.00130500738305273;101.096091;1322.087
0.00130625739257084;101.096091;1273.587
0.00130750740208896;101.096091;1387.336
0.00130875740433112;101.096091;1167.809
0.00131000741384923;101.096091;1340.808
0.00131125742336735;101.096091;1382.004
0.00131250743288547;101.096091;1206.73
0.00131375743512763;101.096091;1313.974
0.00131500744464574;101.096091;1184.981
0.00131625745416386;101.096091;1274.081
0.00131750745640602;101.096091;1187.77
0.00131875746592414;101.096091;1197.078
0.00132000747544225;101.096091;1149.842
0.00132125747768441;101.096091;1254.647
0.00132250748720253;101.096091;1140.14
0.00132375749672065;101.096091;1217.393
0.00132500750623876;101.096091;1320.997
0.00132625750848092;101.096091;1286.478
0.00132750751799904;101.096091;1361.591
0.0013287575202412;101.096091;1225.625
0.00133000752975931;101.096091;1177.992
0.00133125753927743;101.096091;1069.706
0.00133250754151959;101.096091;1225.764
0.00133375755103771;101.096091;1070.973
0.00133500755327987;101.096091;1243.068
0.00133625756279798;101.096091;1196.017
0.0013375075723161;101.096091;1175.719
0.00133875757455826;101.096091;1236.2
0.00134000758407637;101.096091;1239.234
0.00134125759359449;101.096091;1247.338
0.00134250759583665;101.096091;1093.54
0.00134375760535477;101.096091;1110.467
0.00134500761487288;101.096091;1094.162
0.00134625761711504;101.096091;1194.654
0.00134750762663316;101.096091;1149.495
0.00134875763615128;101.096091;1145.029
0.00135000764566939;101.096091;1185.354
0.00135125764791155;101.096091;1043.878
0.00135250765742967;101.096091;1054.614
0.00135375766694779;101.096091;989.0409
0.00135500766918994;101.096091;1092.37
0.00135625767870806;101.096091;1247.389
0.00135750768822618;101.096091;1295.779
0.00135875769046834;101.096091;965.4051
0.00136000769998645;101.096091;1213.984
0.00136125770950457;101.096091;1046.692
0.00136250771174673;101.096091;825.9217
0.00136375772126485;101.096091;1120.47
0.00136500773078296;101.096091;853.8077
0.00136625773302512;101.096091;1408.895
0.00136750774254324;101.096091;1168.002
0.0013687577447854;101.096091;1139.753
0.00137000775430351;101.096091;1017.651
0.00137125776382163;101.096091;977.2049
0.00137250776606379;101.096091;1063.419
0.00137375777558191;101.096091;987.1423
0.00137500777782407;101.096091;920.8588
0.00137625778734218;101.096091;977.0309
0.0013775077968603;101.096091;1196.963
0.00137875780637842;101.096091;1149.119
0.00138000780862058;101.096091;1149.461
0.00138125781813869;101.096091;1130.599
0.00138250782765681;101.096091;1156.427
0.00138375782989897;101.096091;1157.919
0.00138500783941709;101.096091;1156.513
0.0013862578489352;101.096091;1149.356
0.00138750785117736;101.096091;1005.921
0.00138875786069548;101.096091;1043.157
0.00139000787021359;101.096091;1015.514
0.00139125787973171;101.096091;995.8864
0.00139250788197387;101.096091;1113.24
0.00139375789149199;101.096091;1034.414
0.0013950079010101;101.096091;1158.367
0.00139625790325226;101.096091;1153.928
0.00139750791277038;101.096091;1120.029
0.0013987579222885;101.096091;1052.972
0.00140000792453066;101.096091;1064.999
0.00140125793404877;101.096091;949.2385
0.00140250794356689;101.096091;1053.578
0.00140375794580905;101.096091;1235.244
0.00140500795532716;101.096091;919.6357
0.00140625795756932;101.096091;984.1797
0.00140750796708744;101.096091;915.3095
0.0014087579693296;101.096091;911.4768
0.00141000797884772;101.096091;1005.401
0.00141125798836583;101.096091;1013.037
0.00141250799060799;101.096091;1041.433
0.00141375800012611;101.096091;1046.213
0.00141500800964423;101.096091;787.4099
0.00141625801188638;101.096091;1034.603
0.0014175080214045;101.096091;996.3564
