0;101.096091;46.3625
1.25000951811671E-6;101.096091;37.0741
2.50001176027581E-6;101.096091;18.54809
3.75002127839252E-6;101.096091;18.53716
5.00003079650924E-6;101.096091;37.08084
6.25003303866833E-6;101.096091;45.83208
7.50004255678505E-6;101.096091;27.80116
8.75005207490176E-6;101.096091;64.88851
1.00000615930185E-5;101.096091;36.56993
1.12500638351776E-5;101.096091;37.62465
1.25000733532943E-5;101.096091;37.09851
1.3750082871411E-5;101.096091;46.89513
1.50000851135701E-5;101.096091;37.11385
1.62500946316868E-5;101.096091;27.82545
1.75001041498035E-5;101.096091;37.08514
1.87501063919626E-5;101.096091;37.08514
2.00001159100793E-5;101.096091;46.33601
2.1250125428196E-5;101.096091;27.81452
2.25001276703551E-5;101.096091;37.10502
2.37501371884719E-5;101.096091;64.92175
2.50001467065886E-5;101.096091;27.81662
2.62501489487477E-5;101.096091;28.32925
2.75001584668644E-5;101.096091;46.39783
2.87501607090235E-5;101.096091;36.57864
3.00001702271402E-5;101.096091;55.65753
3.12501724692993E-5;101.096091;46.35809
3.2500181987416E-5;101.096091;55.64207
3.37501915055327E-5;101.096091;9.270734
3.50001937476918E-5;101.096091;27.81883
3.62502032658085E-5;101.096091;37.0741
3.75002127839252E-5;101.096091;18.52822
3.87502150260843E-5;101.096091;9.266318
4.0000224544201E-5;101.096091;18.56134
4.12502340623178E-5;101.096091;55.65753
4.25002435804345E-5;101.096091;37.07433
4.37502458225936E-5;101.096091;102.0753
4.50002553407103E-5;101.096091;37.08514
4.6250264858827E-5;101.096091;27.80116
4.75002671009861E-5;101.096091;37.0741
4.87502766191028E-5;101.096091;37.08514
5.00002861372195E-5;101.096091;74.26744
5.12502883793786E-5;101.096091;46.38679
5.25002978974953E-5;101.096091;55.15311
5.3750307415612E-5;101.096091;46.33601
5.50003169337288E-5;101.096091;55.64207
5.62503191758879E-5;101.096091;18.52822
5.75003286940046E-5;101.096091;82.93281
5.87503382121213E-5;101.096091;37.61336
6.00003404542804E-5;101.096091;74.23002
6.12503499723971E-5;101.096091;55.64207
6.25003594905138E-5;101.096091;18.54368
6.37503617326729E-5;101.096091;92.28916
6.50003712507896E-5;101.096091;27.81883
6.62503734929487E-5;101.096091;46.34925
6.75003830110654E-5;101.096091;46.3625
6.87503852532245E-5;101.096091;83.49402
7.00003947713412E-5;101.096091;37.08294
7.12504042894579E-5;101.096091;55.69727
7.2500406531617E-5;101.096091;74.27665
7.37504160497338E-5;101.096091;18.53043
7.50004255678505E-5;101.096091;46.34925
7.62504278100096E-5;101.096091;0
7.75004373281263E-5;101.096091;18.53705
7.8750446846243E-5;101.096091;27.80999
8.00004490884021E-5;101.096091;55.62661
8.12504586065188E-5;101.096091;37.09398
8.25004681246355E-5;101.096091;37.08514
8.37504703667946E-5;101.096091;64.92617
8.50004798849113E-5;101.096091;9.270734
8.6250489403028E-5;101.096091;55.67531
8.75004989211448E-5;101.096091;46.34925
8.87505011633039E-5;101.096091;37.09618
9.00005106814206E-5;101.096091;0
9.12505201995373E-5;101.096091;46.36482
9.25005224416964E-5;101.096091;46.3625
9.37505319598131E-5;101.096091;55.64207
9.50005414779298E-5;101.096091;18.55251
9.62505437200889E-5;101.096091;46.34925
9.75005532382056E-5;101.096091;64.38912
9.87505627563223E-5;101.096091;27.80116
0.000100000564998481;101.096091;18.52601
0.000101250574516598;101.096091;37.6044
0.000102500584034715;101.096091;55.63986
0.000103750586276874;101.096091;46.36029
0.000105000595794991;101.096091;46.40237
0.00010625059803715;101.096091;37.0741
0.000107500607555266;101.096091;9.26411
0.000108750609797426;101.096091;37.09851
0.000110000619315542;101.096091;74.20783
0.000111250628833659;101.096091;64.90826
0.000112500631075818;101.096091;18.55251
0.000113750640593935;101.096091;73.67078
0.000115000650112052;101.096091;74.07366
0.000116250652354211;101.096091;37.1006
0.000117500661872327;101.096091;82.98542
0.000118750671390444;101.096091;27.8079
0.000120000680908561;101.096091;83.47647
0.00012125068315072;101.096091;64.95697
0.000122500692668837;101.096091;102.089
0.000123750702186953;101.096091;74.26303
0.000125000704429112;101.096091;18.52601
0.000126250713947229;101.096091;46.3625
0.000127500723465346;101.096091;55.65753
0.000128750725707505;101.096091;46.37133
0.000130000735225622;101.096091;46.38028
0.000131250744743738;101.096091;27.8387
0.000132500746985897;101.096091;37.0741
0.000133750756504014;101.096091;64.91071
0.000135000766022131;101.096091;83.51842
0.000136250775540248;101.096091;37.06306
0.000137500777782407;101.096091;55.65753
0.000138750787300523;101.096091;18.56134
0.000140000789542682;101.096091;37.07863
0.000141250799060799;101.096091;64.35392
0.000142500808578916;101.096091;64.93268
0.000143750810821075;101.096091;55.68402
0.000145000820339192;101.096091;83.44986
0.000146250822581351;101.096091;46.41991
0.000147500832099468;101.096091;0
0.000148750834341627;101.096091;45.86912
0.000150000843859743;101.096091;102.1018
0.00015125085337786;101.096091;9.261901
0.000152500862895977;101.096091;55.65753
0.000153750865138136;101.096091;46.37808
0.000155000874656253;101.096091;37.08514
0.000156250884174369;101.096091;27.80999
0.000157500886416528;101.096091;55.61348
0.000158750895934645;101.096091;101.5294
0.000160000905452762;101.096091;120.6964
0.000161250907694921;101.096091;83.47194
0.000162500917213038;101.096091;120.6082
0.000163750926731154;101.096091;102.0224
0.000165000936249271;101.096091;83.0161
0.00016625093849143;101.096091;74.72708
0.000167500948009547;101.096091;27.80999
0.000168750957527664;101.096091;56.71482
0.000170000959769823;101.096091;46.3625
0.000171250969287939;101.096091;55.64207
0.000172500978806056;101.096091;55.65985
0.000173750981048215;101.096091;83.49634
0.000175000990566332;101.096091;27.80999
0.000176251000084449;101.096091;102.6747
0.000177501002326608;101.096091;55.65985
0.000178751011844724;101.096091;74.19028
0.000180001014086884;101.096091;92.87307
0.000181251023605;101.096091;55.10944
0.000182501033123117;101.096091;27.79233
0.000183751035365276;101.096091;37.13605
0.000185001044883393;101.096091;46.37133
0.000186251047125552;101.096091;55.67077
0.000187501056643669;101.096091;37.08514
0.000188751066161785;101.096091;55.68217
0.000190001068403944;101.096091;27.79675
0.000191251077922061;101.096091;9.26411
0.000192501087440178;101.096091;64.95697
0.000193751089682337;101.096091;37.08514
0.000195001099200454;101.096091;37.09618
0.00019625110871857;101.096091;55.65753
0.000197501118236687;101.096091;46.88176
0.000198751120478846;101.096091;46.34925
0.000200001129996963;101.096091;46.33601
0.00020125113951508;101.096091;37.11164
0.000202501141757239;101.096091;37.10281
0.000203751151275355;101.096091;18.54809
0.000205001160793472;101.096091;28.87159
0.000206251163035631;101.096091;27.82545
0.000207501172553748;101.096091;55.68402
0.000208751182071865;101.096091;37.09618
0.000210001184314024;101.096091;64.93047
0.00021125119383214;101.096091;55.65753
0.000212501203350257;101.096091;18.54809
0.000213751212868374;101.096091;74.19469
0.000215001215110533;101.096091;37.12501
0.00021625122462865;101.096091;37.10502
0.000217501226870809;101.096091;46.38679
0.000218751236388925;101.096091;55.6201
0.000220001238631085;101.096091;74.19028
0.000221251248149201;101.096091;46.36692
0.000222501257667318;101.096091;18.54809
0.000223751259909477;101.096091;27.79233
0.000225001269427594;101.096091;9.26411
0.000226251271669753;101.096091;18.53043
0.00022750128118787;101.096091;37.0741
0.000228751290705986;101.096091;83.56689
0.000230001300224103;101.096091;64.90618
0.000231251302466262;101.096091;74.20562
0.000232501311984379;101.096091;64.91071
0.000233751321502496;101.096091;64.89525
0.000235001323744655;101.096091;55.65345
0.000236251333262771;101.096091;55.64439
0.000237501342780888;101.096091;46.3625
0.000238751345023047;101.096091;92.81357
0.000240001354541164;101.096091;101.4766
0.000241251364059281;101.096091;121.2424
0.000242501373577397;101.096091;27.79233
0.000243751375819556;101.096091;64.91524
0.000245001385337673;101.096091;37.0741
0.00024625139485579;101.096091;55.67077
0.000247501397097949;101.096091;27.79233
0.000248751406616066;101.096091;92.76266
0.000250001416134182;101.096091;46.3625
0.000251251418376341;101.096091;83.54051
0.000252501427894458;101.096091;56.14575
0.000253751437412575;101.096091;111.3727
0.000255001439654734;101.096091;27.79233
0.000256251449172851;101.096091;120.1218
0.00025750145141501;101.096091;37.09398
0.000258751460933127;101.096091;46.36483
0.000260001463175286;101.096091;46.38679
0.000261251472693402;101.096091;92.78928
0.000262501482211519;101.096091;84.08699
0.000263751484453678;101.096091;64.92384
0.000265001493971795;101.096091;55.65753
0.000266251503489912;101.096091;46.38679
0.000267501505732071;101.096091;55.64207
0.000268751515250187;101.096091;55.62661
0.000270001524768304;101.096091;55.67519
0.000271251527010463;101.096091;74.20783
0.00027250153652858;101.096091;45.83208
0.000273751546046697;101.096091;92.73616
0.000275001555564813;101.096091;18.53043
0.000276251557806972;101.096091;74.20783
0.000277501567325089;101.096091;9.790114
0.000278751576843206;101.096091;74.21921
0.000280001579085365;101.096091;27.80999
0.000281251588603482;101.096091;56.16133
0.000282501598121598;101.096091;27.80999
0.000283751600363757;101.096091;74.18795
0.000285001609881874;101.096091;37.0741
0.000286251619399991;101.096091;55.64207
0.00028750162164215;101.096091;74.18795
0.000288751631160267;101.096091;93.37958
0.000290001640678383;101.096091;111.4059
0.0002912516501965;101.096091;27.80116
0.000292501652438659;101.096091;83.60013
0.000293751661956776;101.096091;111.4786
0.000295001664198935;101.096091;64.94151
0.000296251673717052;101.096091;55.62661
0.000297501675959211;101.096091;36.55693
0.000298751685477328;101.096091;64.93709
0.000300001687719487;101.096091;83.49402
0.000301251697237603;101.096091;101.5075
0.00030250170675572;101.096091;55.65985
0.000303751708997879;101.096091;83.50087
0.000305001718515996;101.096091;37.13151
0.000306251728034113;101.096091;64.9085
0.000307501737552229;101.096091;74.18795
0.000308751739794388;101.096091;92.19936
0.000310001749312505;101.096091;55.64207
0.000311251758830622;101.096091;83.5161
0.000312501761072781;101.096091;83.47879
0.000313751770590898;101.096091;83.49402
0.000315001780109014;101.096091;92.81124
0.000316251782351173;101.096091;19.06306
0.00031750179186929;101.096091;37.0741
0.000318751801387407;101.096091;56.17923
0.000320001803629566;101.096091;83.49181
0.000321251813147683;101.096091;111.4082
0.000322501822665799;101.096091;74.25676
0.000323751832183916;101.096091;74.24548
0.000325001834426075;101.096091;74.24769
0.000326251843944192;101.096091;55.62661
0.000327501853462309;101.096091;27.79233
0.000328751855704468;101.096091;0
0.000330001865222584;101.096091;55.65532
0.000331251874740701;101.096091;166.1847
0.00033250187698286;101.096091;46.34925
0.000333751886500977;101.096091;55.64207
0.000335001888743136;101.096091;27.80999
0.000336251898261253;101.096091;37.09618
0.000337501900503412;101.096091;27.80999
0.000338751910021529;101.096091;64.94383
0.000340001919539645;101.096091;74.19899
0.000341251921781804;101.096091;73.67078
0.000342501931299921;101.096091;45.83208
0.000343751940818038;101.096091;55.65753
0.000345001943060197;101.096091;83.47194
0.000346251952578314;101.096091;55.10944
0.00034750196209643;101.096091;55.64207
0.000348751964338589;101.096091;46.34925
0.000350001973856706;101.096091;55.67077
0.000351251983374823;101.096091;55.09411
0.00035250199289294;101.096091;64.95697
0.000353751995135099;101.096091;102.0776
0.000355002004653215;101.096091;37.09618
0.000356252014171332;101.096091;46.38679
0.000357502016413491;101.096091;27.81883
0.000358752025931608;101.096091;74.2277
0.000360002035449725;101.096091;64.92384
0.000361252037691884;101.096091;74.1704
0.00036250204721;101.096091;46.3625
0.000363752056728117;101.096091;56.17691
0.000365002058970276;101.096091;46.34925
0.000366252068488393;101.096091;27.80116
0.00036750207800651;101.096091;46.38679
0.000368752080248669;101.096091;101.5647
0.000370002089766786;101.096091;27.81883
0.000371252099284902;101.096091;74.16808
0.000372502101527061;101.096091;74.20783
0.000373752111045178;101.096091;64.97696
0.000375002113287337;101.096091;64.92384
0.000376252122805454;101.096091;46.36029
0.000377502125047613;101.096091;46.38679
0.00037875213456573;101.096091;74.20783
0.000380002144083846;101.096091;18.54809
0.000381252146326005;101.096091;64.95476
0.000382502155844122;101.096091;55.61116
0.000383752165362239;101.096091;83.99339
0.000385002174880356;101.096091;46.35599
0.000386252177122515;101.096091;9.26411
0.000387502186640631;101.096091;64.92384
0.000388752196158748;101.096091;64.94151
0.000390002198400907;101.096091;83.51842
0.000391252207919024;101.096091;55.62661
0.000392502217437141;101.096091;74.23223
0.0003937522196793;101.096091;55.14648
0.000395002229197416;101.096091;27.80999
0.000396252238715533;101.096091;46.35158
0.000397502240957692;101.096091;55.64207
0.000398752250475809;101.096091;111.9139
0.000400002259993926;101.096091;27.79233
0.000401252269512042;101.096091;92.75813
0.000402502271754202;101.096091;64.94383
0.000403752281272318;101.096091;64.92164
0.000405002290790435;101.096091;83.47646
0.000406252293032594;101.096091;46.37575
0.000407502302550711;101.096091;74.19028
0.00040875230479287;101.096091;74.21236
0.000410002314310987;101.096091;37.08514
0.000411252323829103;101.096091;64.9085
0.000412502326071262;101.096091;83.49855
0.000413752335589379;101.096091;46.34925
0.000415002337831538;101.096091;27.80116
0.000416252347349655;101.096091;64.92384
0.000417502356867772;101.096091;74.23002
0.000418752359109931;101.096091;110.8223
0.000420002368628047;101.096091;92.83774
0.000421252378146164;101.096091;66.01647
0.000422502380388323;101.096091;82.99867
0.00042375238990644;101.096091;92.78242
0.000425002399424557;101.096091;46.3582
0.000426252401666716;101.096091;9.261901
0.000427502411184832;101.096091;45.83208
0.000428752420702949;101.096091;27.8387
0.000430002422945108;101.096091;27.82545
0.000431252432463225;101.096091;27.79233
0.000432502441981342;101.096091;46.36029
0.000433752451499458;101.096091;19.04956
0.000435002453741618;101.096091;18.54368
0.000436252463259734;101.096091;27.79675
0.000437502472777851;101.096091;18.53705
0.00043875247502001;101.096091;18.53705
0.000440002484538127;101.096091;18.52601
0.000441252494056243;101.096091;45.84729
0.000442502496298403;101.096091;0
0.000443752505816519;101.096091;9.270734
0.000445002515334636;101.096091;9.266318
0.000446252517576795;101.096091;74.23002
0.000447502527094912;101.096091;37.08514
0.000448752529337071;101.096091;55.61116
0.000450002538855188;101.096091;18.53705
0.000451252548373304;101.096091;55.65753
0.000452502550615463;101.096091;27.80116
0.00045375256013358;101.096091;46.34925
0.000455002562375739;101.096091;27.81662
0.000456252571893856;101.096091;37.06306
0.000457502581411973;101.096091;27.79233
0.000458752583654132;101.096091;18.53705
0.000460002593172248;101.096091;74.26303
0.000461252602690365;101.096091;46.90642
0.000462502612208482;101.096091;92.82879
0.000463752614450641;101.096091;46.39783
0.000465002623968758;101.096091;46.34925
0.000466252633486874;101.096091;55.64207
0.000467502635729034;101.096091;56.20378
0.00046875264524715;101.096091;74.23223
0.000470002654765267;101.096091;111.3902
0.000471252657007426;101.096091;55.64207
0.000472502666525543;101.096091;102.1724
0.000473752676043659;101.096091;157.2665
0.000475002678285819;101.096091;176.0661
0.000476252687803935;101.096091;120.8001
0.000477502697322052;101.096091;130.0357
0.000478752699564211;101.096091;185.7042
0.000480002709082328;101.096091;213.9299
0.000481252718600444;101.096091;195.2292
0.000482502728118561;101.096091;158.0641
0.00048375273036072;101.096091;213.7573
0.000485002739878837;101.096091;269.3633
0.000486252742120996;101.096091;260.4669
0.000487502751639113;101.096091;241.6117
0.000488752753881272;101.096091;316.529
0.000490002763399389;101.096091;204.5486
0.000491252772917505;101.096091;307.1833
0.000492502775159664;101.096091;251.2212
0.000493752784677781;101.096091;241.7262
0.000495002794195898;101.096091;307.2898
0.000496252796438057;101.096091;316.7107
0.000497502805956174;101.096091;251.1848
0.00049875281547429;101.096091;269.7264
0.000500002817716449;101.096091;382.1195
0.000501252827234566;101.096091;260.4491
0.000502502836752683;101.096091;325.7069
0.000503752838994842;101.096091;326.1972
0.000505002848512959;101.096091;316.6131
0.000506252858031075;101.096091;391.5107
0.000507502860273235;101.096091;306.5771
0.000508752869791351;101.096091;204.1672
0.000510002879309468;101.096091;344.7473
0.000511252888827585;101.096091;288.3457
0.000512502891069744;101.096091;223.1938
0.00051375290058786;101.096091;297.9058
0.000515002910105977;101.096091;251.2009
0.000516252912348136;101.096091;372.9196
0.000517502921866253;101.096091;334.619
0.00051875293138437;101.096091;260.3525
0.000520002933626529;101.096091;316.5154
0.000521252943144646;101.096091;297.7535
0.000522502952662762;101.096091;317.5659
0.000523752954904921;101.096091;307.4039
0.000525002964423038;101.096091;251.148
0.000526252966665197;101.096091;362.6432
0.000527502976183314;101.096091;372.4738
0.000528752978425473;101.096091;251.0589
0.00053000298794359;101.096091;344.9266
0.000531252997461706;101.096091;223.2467
0.000532502999703865;101.096091;260.0725
0.000533753009221982;101.096091;278.7621
0.000535003018740099;101.096091;278.5554
0.000536253020982258;101.096091;298.2403
0.000537503030500375;101.096091;344.3625
0.000538753040018491;101.096091;204.5993
0.000540003042260651;101.096091;279.5895
0.000541253051778767;101.096091;298.104
0.000542503061296884;101.096091;316.5247
0.000543753070815001;101.096091;353.8641
0.00054500307305716;101.096091;344.6069
0.000546253082575276;101.096091;223.2421
0.000547503092093393;101.096091;120.7205
0.000548753094335552;101.096091;64.95034
0.000550003103853669;101.096091;148.6458
0.000551253113371786;101.096091;157.9562
0.000552503115613945;101.096091;74.20783
0.000553753125132062;101.096091;37.11827
0.000555003134650178;101.096091;64.88851
0.000556253136892337;101.096091;111.4036
0.000557503146410454;101.096091;64.44801
0.000558753155928571;101.096091;102.0489
0.000560003165446687;101.096091;242.3764
0.000561253167688847;101.096091;176.4513
0.000562503177206963;101.096091;269.0064
0.000563753179449122;101.096091;176.5489
0.000565003188967239;101.096091;185.859
0.000566253191209398;101.096091;232.0064
0.000567503200727515;101.096091;204.4358
0.000568753202969674;101.096091;176.5555
0.000570003212487791;101.096091;120.7515
0.000571253222005907;101.096091;46.37575
0.000572503224248067;101.096091;64.88851
0.000573753233766183;101.096091;102.0488
0.0005750032432843;101.096091;166.6123
0.000576253252802417;101.096091;139.2644
0.000577503255044576;101.096091;232.3543
0.000578753264562692;101.096091;307.3266
0.000580003274080809;101.096091;428.8037
0.000581253276322968;101.096091;503.9138
0.000582503285841085;101.096091;570.8418
0.000583753295359202;101.096091;570.1219
0.000585003297601361;101.096091;795.5724
0.000586253307119478;101.096091;664.0299
0.000587503316637594;101.096091;787.0465
0.000588753326155711;101.096091;759.2554
0.00059000332839787;101.096091;485.7925
0.000591253337915987;101.096091;485.3858
0.000592503347434103;101.096091;279.4215
0.000593753349676263;101.096091;269.8568
0.000595003359194379;101.096091;129.9318
0.000596253368712496;101.096091;121.2067
0.000597503370954655;101.096091;92.79787
0.000598753380472772;101.096091;139.2336
0.000600003389990889;101.096091;46.88176
0.000601253392233048;101.096091;28.87159
0.000602503401751164;101.096091;46.3625
0.000603753403993323;101.096091;37.09618
0.00060500341351144;101.096091;74.18795
0.000606253415753599;101.096091;74.23002
0.000607503425271716;101.096091;55.65753
0.000608753434789833;101.096091;55.63114
0.000610003437031992;101.096091;102.0488
0.000611253446550108;101.096091;74.24548
0.000612503456068225;101.096091;27.80116
0.000613753458310384;101.096091;46.37575
0.000615003467828501;101.096091;37.0741
0.000616253477346618;101.096091;46.33601
0.000617503486864734;101.096091;28.33821
0.000618753489106894;101.096091;64.90618
0.00062000349862501;101.096091;28.32925
0.000621253508143127;101.096091;37.08514
0.000622503510385286;101.096091;46.34705
0.000623753519903403;101.096091;46.37575
0.000625003529421519;101.096091;92.76266
0.000626253531663679;101.096091;288.4758
0.000627503541181795;101.096091;428.4763
0.000628753550699912;101.096091;750.4308
0.000630003552942071;101.096091;806.1999
0.000631253562460188;101.096091;980.484
0.000632503571978305;101.096091;1073.501
0.000633753581496421;101.096091;1653.35
0.00063500358373858;101.096091;1418.546
0.000636253593256697;101.096091;1595.491
0.000637503595498856;101.096091;1282.606
0.000638753605016973;101.096091;845.1556
0.00064000361453509;101.096091;958.219
0.000641253616777249;101.096091;570.1789
0.000642503626295365;101.096091;466.0426
0.000643753628537524;101.096091;578.8614
0.000645003638055641;101.096091;853.512
0.0006462536402978;101.096091;1389.501
0.000647503649815917;101.096091;1296.138
0.000648753659334034;101.096091;1625.934
0.00065000366885215;101.096091;1566.529
0.00065125367109431;101.096091;1544.256
0.000652503680612426;101.096091;922.3104
0.000653753690130543;101.096091;796.6806
0.000655003692372702;101.096091;712.2343
0.000656253701890819;101.096091;532.5258
0.000657503711408935;101.096091;457.3778
0.000658753713651095;101.096091;419.119
0.000660003723169211;101.096091;373.5659
0.000661253732687328;101.096091;316.5589
0.000662503734929487;101.096091;213.8479
0.000663753744447604;101.096091;316.3786
0.000665003753965721;101.096091;223.8558
0.000666253763483837;101.096091;382.2242
0.000667503765725996;101.096091;475.7552
0.000668753775244113;101.096091;456.5724
0.00067000378476223;101.096091;522.7398
0.000671253787004389;101.096091;504.0667
0.000672503796522506;101.096091;627.2106
0.000673753806040622;101.096091;429.0133
0.000675003808282781;101.096091;485.2282
0.000676253817800898;101.096091;410.3567
0.000677503820043057;101.096091;307.2585
0.000678753829561174;101.096091;242.4127
0.000680003839079291;101.096091;261.1881
0.00068125384132145;101.096091;204.3781
0.000682503850839566;101.096091;306.6044
0.000683753853081726;101.096091;148.5684
0.000685003862599842;101.096091;176.5398
0.000686253872117959;101.096091;120.6897
0.000687503874360118;101.096091;167.2688
0.000688753883878235;101.096091;157.9982
0.000690003893396351;101.096091;64.95697
0.000691253895638511;101.096091;175.8834
0.000692503905156627;101.096091;139.1937
0.000693753914674744;101.096091;139.9303
0.000695003924192861;101.096091;111.3658
0.00069625392643502;101.096091;129.3771
0.000697503935953137;101.096091;167.2361
0.000698753945471253;101.096091;92.73616
0.000700003947713412;101.096091;130.0576
0.000701253957231529;101.096091;120.639
0.000702503966749646;101.096091;139.2973
0.000703753968991805;101.096091;176.482
0.000705003978509922;101.096091;92.75813
0.000706253988028038;101.096091;139.2599
0.000707503990270197;101.096091;120.6542
0.000708753999788314;101.096091;102.1042
0.000710004009306431;101.096091;110.9297
0.000711254018824548;101.096091;120.7273
0.000712504021066707;101.096091;92.74709
0.000713754030584823;101.096091;111.3084
0.000715004032826982;101.096091;120.639
0.000716254042345099;101.096091;121.7308
0.000717504044587258;101.096091;147.43
0.000718754054105375;101.096091;74.20794
0.000720004063623492;101.096091;73.67078
0.000721254065865651;101.096091;84.11559
0.000722504075383767;101.096091;74.20783
0.000723754077625927;101.096091;101.503
0.000725004087144043;101.096091;92.75813
0.00072625409666216;101.096091;129.8942
0.000727504106180277;101.096091;55.68856
0.000728754108422436;101.096091;157.879
0.000730004117940553;101.096091;64.90618
0.000731254127458669;101.096091;102.0579
0.000732504129700828;101.096091;64.94383
0.000733754139218945;101.096091;120.6655
0.000735004148737062;101.096091;83.5161
0.000736254150979221;101.096091;74.20783
0.000737504160497338;101.096091;92.76045
0.000738754170015454;101.096091;102.1018
0.000740004172257613;101.096091;92.27174
0.00074125418177573;101.096091;83.5161
0.000742504191293847;101.096091;185.7598
0.000743754200811964;101.096091;185.8524
0.000745004203054123;101.096091;111.3902
0.000746254212572239;101.096091;157.9449
0.000747504222090356;101.096091;92.76719
0.000748754224332515;101.096091;83.44986
0.000750004233850632;101.096091;83.47194
0.000751254243368749;101.096091;92.78474
0.000752504245610908;101.096091;102.0974
0.000753754255129024;101.096091;111.4036
0.000755004257371183;101.096091;65.4431
0.0007562542668893;101.096091;74.20783
0.000757504269131459;101.096091;111.3349
0.000758754278649576;101.096091;120.6413
0.000760004288167693;101.096091;111.4195
0.000761254290409852;101.096091;55.61116
0.000762504299927969;101.096091;102.6702
0.000763754309446085;101.096091;139.2735
0.000765004311688244;101.096091;157.9095
0.000766254321206361;101.096091;111.3371
0.000767504330724478;101.096091;102.0844
0.000768754332966637;101.096091;92.79148
0.000770004342484754;101.096091;83.55584
0.00077125435200287;101.096091;83.4896
0.000772504361520987;101.096091;83.52517
0.000773754363763146;101.096091;110.8817
0.000775004373281263;101.096091;111.3371
0.00077625438279938;101.096091;74.18795
0.000777504385041539;101.096091;130.0644
0.000778754394559655;101.096091;102.1703
0.000780004404077772;101.096091;138.7469
0.000781254406319931;101.096091;84.08013
0.000782504415838048;101.096091;111.384
0.000783754425356165;101.096091;92.78658
0.000785004427598324;101.096091;83.47194
0.00078625443711644;101.096091;65.42531
0.000787504446634557;101.096091;64.91943
0.000788754456152674;101.096091;157.3614
0.000790004458394833;101.096091;92.81124
0.00079125446791295;101.096091;92.81124
0.000792504470155109;101.096091;64.97475
0.000793754479673225;101.096091;83.54922
0.000795004481915385;101.096091;46.3625
0.000796254491433501;101.096091;74.21015
0.00079750449367566;101.096091;120.0557
0.000798754503193777;101.096091;64.9021
0.000800004512711894;101.096091;82.93281
0.000801254514954053;101.096091;120.725
0.00080250452447217;101.096091;102.0952
0.000803754533990286;101.096091;92.28487
0.000805004543508403;101.096091;130.5706
0.000806254545750562;101.096091;83.52296
0.000807504555268679;101.096091;111.4475
0.000808754564786796;101.096091;92.80671
0.000810004567028955;101.096091;121.3266
0.000811254576547071;101.096091;84.01327
0.000812504586065188;101.096091;120.6677
0.000813754588307347;101.096091;83.52063
0.000815004597825464;101.096091;149.123
0.000816254607343581;101.096091;46.88176
0.000817504616861697;101.096091;46.37575
0.000818754619103856;101.096091;74.22991
0.000820004628621973;101.096091;83.47194
0.00082125463814009;101.096091;102.0224
0.000822504640382249;101.096091;101.5623
0.000823754649900366;101.096091;55.6731
0.000825004659418482;101.096091;74.23002
0.000826254661660641;101.096091;92.73384
0.000827504671178758;101.096091;56.20378
0.000828754680696875;101.096091;83.44986
0.000830004682939034;101.096091;84.06013
0.000831254692457151;101.096091;18.52601
0.00083250469469931;101.096091;74.24536
0.000833754704217426;101.096091;157.2756
0.000835004706459586;101.096091;298.4525
0.000836254715977702;101.096091;551.3319
0.000837504725495819;101.096091;626.0732
0.000838754727737978;101.096091;929.4739
0.000840004737256095;101.096091;863.3653
0.000841254746774212;101.096091;750.7747
0.000842504749016371;101.096091;949.4401
0.000843754758534487;101.096091;882.5525
0.000845004768052604;101.096091;835.0478
0.000846254770294763;101.096091;862.7987
0.00084750477981288;101.096091;664.9684
0.000848754789330997;101.096091;636.0637
0.000850004798849113;101.096091;532.138
0.000851254801091272;101.096091;437.9873
0.000852504810609389;101.096091;354.0498
0.000853754820127506;101.096091;335.3294
0.000855004822369665;101.096091;289.0018
0.000856254831887782;101.096091;344.5322
0.000857504841405898;101.096091;279.0862
0.000858754843648057;101.096091;223.6141
0.000860004853166174;101.096091;185.2952
0.000861254862684291;101.096091;195.2554
0.00086250486492645;101.096091;176.389
0.000863754874444567;101.096091;120.6413
0.000865004883962683;101.096091;185.8568
0.000866254886204842;101.096091;148.6433
0.000867504895722959;101.096091;176.5815
0.000868754905241076;101.096091;102.5657
0.000870004907483235;101.096091;120.6323
0.000871254917001352;101.096091;92.2672
0.000872504919243511;101.096091;92.76266
0.000873754928761628;101.096091;46.34925
0.000875004931003787;101.096091;92.86853
0.000876254940521903;101.096091;120.6941
0.00087750495004002;101.096091;100.9791
0.000878754952282179;101.096091;46.36483
0.000880004961800296;101.096091;102.1397
0.000881254971318413;101.096091;74.16808
0.000882504980836529;101.096091;46.86839
0.000883754983078688;101.096091;83.48566
0.000885004992596805;101.096091;120.6964
0.000886255002114922;101.096091;55.62661
0.000887505004357081;101.096091;83.51842
0.000888755013875198;101.096091;46.3625
0.000890005023393314;101.096091;64.92617
0.000891255025635473;101.096091;37.0741
0.00089250503515359;101.096091;46.3625
0.000893755044671707;101.096091;27.79233
0.000895005046913866;101.096091;83.49855
0.000896255056431983;101.096091;37.08514
0.000897505065950099;101.096091;55.70867
0.000898755075468216;101.096091;37.0719
0.000900005077710375;101.096091;36.57643
0.000901255087228492;101.096091;64.94151
0.000902505096746609;101.096091;64.91071
0.000903755098988768;101.096091;37.09177
0.000905005108506884;101.096091;55.64207
0.000906255110749044;101.096091;37.10502
0.00090750512026716;101.096091;55.64207
0.000908755129785277;101.096091;37.0741
0.000910005132027436;101.096091;55.6731
0.000911255141545553;101.096091;46.33601
0.000912505143787712;101.096091;37.10513
0.000913755153305829;101.096091;37.0741
0.000915005162823945;101.096091;18.5503
0.000916255165066104;101.096091;27.83207
0.000917505174584221;101.096091;92.80671
0.000918755184102338;101.096091;37.10502
0.000920005186344497;101.096091;27.81883
0.000921255195862614;101.096091;27.80116
0.00092250520538073;101.096091;27.80116
0.000923755207622889;101.096091;37.6336
0.000925005217141006;101.096091;46.34925
0.000926255226659123;101.096091;18.53043
0.00092750523617724;101.096091;46.38679
0.000928755238419399;101.096091;82.98334
0.000930005247937515;101.096091;37.62255
0.000931255257455632;101.096091;28.34508
0.000932505259697791;101.096091;27.79233
0.000933755269215908;101.096091;46.90642
0.000935005278734025;101.096091;46.38679
0.000936255280976184;101.096091;37.06515
0.0009375052904943;101.096091;55.64207
0.000938755300012417;101.096091;18.54368
0.000940005302254576;101.096091;18.53705
0.000941255311772693;101.096091;27.80116
0.00094250532129081;101.096091;55.20561
0.000943755323532969;101.096091;46.33601
0.000945005333051085;101.096091;9.785574
0.000946255335293245;101.096091;55.65985
0.000947505344811361;101.096091;0.519752
0.000948755354329478;101.096091;27.80116
0.000950005356571637;101.096091;27.81883
0.000951255366089754;101.096091;46.35599
0.000952505368331913;101.096091;18.54809
0.00095375537785003;101.096091;74.20783
0.000955005387368146;101.096091;9.272942
0.000956255389610305;101.096091;74.20783
0.000957505399128422;101.096091;37.08514
0.000958755408646539;101.096091;45.83208
0.000960005418164656;101.096091;55.62661
0.000961255420406815;101.096091;37.62465
0.000962505429924931;101.096091;84.0556
0.000963755439443048;101.096091;18.53043
0.000965005441685207;101.096091;36.56993
0.000966255451203324;101.096091;18.54809
0.000967505460721441;101.096091;27.80116
0.0009687554629636;101.096091;83.56259
0.000970005472481716;101.096091;18.54158
0.000971255481999833;101.096091;45.81896
0.00097250549151795;101.096091;0
0.000973755493760109;101.096091;27.83207
0.000975005503278226;101.096091;37.10281
0.000976255512796342;101.096091;18.53043
0.000977505515038501;101.096091;64.90618
0.000978755524556618;101.096091;46.34925
0.000980005534074735;101.096091;9.277359
0.000981255536316894;101.096091;45.84287
0.000982505545835011;101.096091;9.266318
0.00098375554807717;101.096091;45.86912
0.000985005557595287;101.096091;27.80569
0.000986255559837446;101.096091;36.54601
0.000987505569355562;101.096091;18.53264
0.000988755578873679;101.096091;9.261901
0.000990005581115838;101.096091;0
0.000991255590633955;101.096091;18.54368
0.000992505600152072;101.096091;27.80116
0.000993755602394231;101.096091;9.270734
0.000995005611912347;101.096091;36.57864
0.000996255621430464;101.096091;9.26411
0.000997505623672623;101.096091;27.80999
0.00099875563319074;101.096091;18.52601
0.00100000564270886;101.096091;18.54368
0.00100125564495102;101.096091;37.11385
0.00100250565446913;101.096091;55.64439
0.00100375566398725;101.096091;28.33821
0.00100500567350537;101.096091;37.6044
0.00100625567574752;101.096091;37.0698
0.00100750568526564;101.096091;27.80116
0.00100875569478376;101.096091;18.53043
0.00101000569702592;101.096091;18.55472
0.00101125570654403;101.096091;27.8387
0.00101250571606215;101.096091;37.09618
0.00101375571830431;101.096091;18.53043
0.00101500572782243;101.096091;74.20783
0.00101625573734054;101.096091;37.0741
0.0010175057395827;101.096091;27.81883
0.00101875574910082;101.096091;36.54601
0.00102000575861894;101.096091;37.09618
0.0010212557608611;101.096091;18.53705
0.00102250577037921;101.096091;55.65532
0.00102375577262137;101.096091;9.266318
0.00102500578213949;101.096091;18.53705
0.0010262557916576;101.096091;27.80337
0.00102750579389976;101.096091;46.37575
0.00102875580341788;101.096091;18.52601
0.00103000580566004;101.096091;9.26411
0.00103125581517816;101.096091;27.80116
0.00103250582469627;101.096091;18.53705
0.00103375582693843;101.096091;36.55693
0.00103500583645655;101.096091;83.51842
0.00103625584597467;101.096091;27.79233
0.00103750585549278;101.096091;55.65753
0.00103875585773494;101.096091;27.79233
0.00104000586725306;101.096091;37.61557
0.00104125587677117;101.096091;27.79233
0.00104250587901333;101.096091;46.39783
0.00104375588853145;101.096091;27.82545
0.00104500589804957;101.096091;37.09618
0.00104625590029173;101.096091;64.35392
0.00104750590980984;101.096091;9.27515
0.00104875591932796;101.096091;9.272942
0.00105000592157012;101.096091;37.0741
0.00105125593108824;101.096091;9.266318
0.00105250594060635;101.096091;46.35158
0.00105375595012447;101.096091;83.49204
0.00105500595236663;101.096091;288.6372
0.00105625596188474;101.096091;551.5036
0.00105750597140286;101.096091;740.3962
0.00105875597364502;101.096091;967.9082
0.00106000598316314;101.096091;1063.087
0.0010612559854053;101.096091;2518.69
0.00106250599492341;101.096091;3491.957
0.00106375599716557;101.096091;4659.594
0.00106500600668369;101.096091;5051.932
0.00106625601620181;101.096091;3970.235
0.00106750601844396;101.096091;3106.882
0.00106875602796208;101.096091;2698.283
0.0010700060374802;101.096091;2741.77
0.00107125603972236;101.096091;2639.96
0.00107250604924047;101.096091;3507.073
0.00107375605875859;101.096091;4332.26
0.00107500606100075;101.096091;4918.973
0.00107625607051887;101.096091;5288.455
0.00107750608003698;101.096091;5331.136
0.00107875608227914;101.096091;6624.308
0.00108000609179726;101.096091;9796.442
0.00108125610131538;101.096091;11519.55
0.00108250611083349;101.096091;11235.44
0.00108375611307565;101.096091;9121.755
0.00108500612259377;101.096091;7072.436
0.00108625613211188;101.096091;5177.195
0.00108750613435404;101.096091;4268.854
0.00108875614387216;101.096091;4061.381
0.00109000615339028;101.096091;4214.221
0.00109125615563244;101.096091;4924.733
0.00109250616515055;101.096091;5174.638
0.00109375617466867;101.096091;4947.836
0.00109500617691083;101.096091;5631.185
0.00109625618642895;101.096091;6198.176
0.00109750619594706;101.096091;9788.548
0.00109875619818922;101.096091;12997.83
0.00110000620770734;101.096091;16897.25
0.0011012562099495;101.096091;17260.59
0.00110250621946761;101.096091;13928.3
0.00110375622170977;101.096091;10389.02
0.00110500623122789;101.096091;7687.197
0.00110625624074601;101.096091;6725.127
0.00110750624298817;101.096091;6167.789
0.00110875625250628;101.096091;7194.767
0.0011100062620244;101.096091;7689.43
0.00111125627154252;101.096091;7078.835
0.00111250627378467;101.096091;5937.28
0.00111375628330279;101.096091;5519.109
0.00111500629282091;101.096091;8747.391
0.00111625629506307;101.096091;16302.37
0.00111750630458118;101.096091;21208.13
0.0011187563140993;101.096091;24982.1
0.00112000631634146;101.096091;22190.57
0.00112125632585958;101.096091;16616.39
0.00112250633537769;101.096091;13060.73
0.00112375633761985;101.096091;9765.541
0.00112500634713797;101.096091;9305.037
0.00112625635665609;101.096091;8356.535
0.0011275063661742;101.096091;9066.193
0.00112875636841636;101.096091;8484.962
0.00113000637793448;101.096091;7138.912
0.00113125638745259;101.096091;7266.684
0.00113250638969475;101.096091;6584.358
0.00113375639921287;101.096091;8239.454
0.00113500640145503;101.096091;13759.21
0.00113625641097315;101.096091;21356.49
0.00113750642049126;101.096091;23677.83
0.00113875642273342;101.096091;24003.3
0.00114000643225154;101.096091;19089.56
0.0011412564344937;101.096091;14847.36
0.00114250644401181;101.096091;11544.53
0.00114375645352993;101.096091;12252.22
0.00114500645577209;101.096091;13356.01
0.00114625646529021;101.096091;15873.66
0.00114750647480832;101.096091;14661.39
0.00114875647705048;101.096091;14186.15
0.0011500064865686;101.096091;12012.29
0.00115125649608672;101.096091;9808.408
0.00115250649832888;101.096091;11890.67
0.00115375650784699;101.096091;18655.69
0.00115500651736511;101.096091;21953.86
0.00115625652688323;101.096091;25108.89
0.00115750652912538;101.096091;23089.22
0.0011587565386435;101.096091;19867.7
0.00116000654816162;101.096091;16037.64
0.00116125655040378;101.096091;11316.96
0.00116250655992189;101.096091;10711.57
0.00116375656944001;101.096091;9504.434
0.00116500657168217;101.096091;8896.395
0.00116625658120029;101.096091;9160.759
0.0011675065907184;101.096091;9784.401
0.00116875659296056;101.096091;7686.176
0.00117000660247868;101.096091;6071.017
0.0011712566119968;101.096091;6196.687
0.00117250661423896;101.096091;9556.272
0.00117375662375707;101.096091;17890.96
0.00117500663327519;101.096091;23116.3
0.00117625663551735;101.096091;21963.73
0.00117750664503546;101.096091;20040.44
0.00117875664727762;101.096091;14183.42
0.00118000665679574;101.096091;11450.7
0.0011812566590379;101.096091;9555.854
0.00118250666855602;101.096091;10091.54
0.00118375667807413;101.096091;10294.99
0.00118500668759225;101.096091;11209.61
0.00118625668983441;101.096091;10755.38
0.00118750669935253;101.096091;10009.56
0.00118875670887064;101.096091;9031.177
0.0011900067111128;101.096091;7515.097
0.00119125672063092;101.096091;8200.862
0.00119250673014903;101.096091;12743.75
0.00119375673239119;101.096091;19279.09
0.00119500674190931;101.096091;23619.6
0.00119625675142743;101.096091;21764.52
0.00119750676094554;101.096091;18586.67
0.0011987567631877;101.096091;14611.99
0.00120000677270582;101.096091;12451
0.00120125678222394;101.096091;12395.76
0.0012025067844661;101.096091;13619.87
0.00120375679398421;101.096091;15812.55
0.00120500680350233;101.096091;14878.74
0.00120625680574449;101.096091;14451.91
0.0012075068152626;101.096091;12586.92
0.00120875682478072;101.096091;11866.57
0.00121000682702288;101.096091;9229.945
0.001211256836541;101.096091;13952.54
0.00121250683878316;101.096091;21336
0.00121375684830127;101.096091;27533.35
0.00121500685781939;101.096091;26652.49
0.00121625686006155;101.096091;23416.37
0.00121750686957967;101.096091;18089.43
0.00121875687182182;101.096091;14862.75
0.00122000688133994;101.096091;13783.73
0.00122125689085806;101.096091;13600.28
0.00122250689310022;101.096091;14872.71
0.00122375690261833;101.096091;16142.88
0.00122500691213645;101.096091;15515.02
0.00122625691437861;101.096091;13874.31
0.00122750692389673;101.096091;13049.9
0.00122875693341484;101.096091;10293.55
0.00123000694293296;101.096091;11401.05
0.00123125694517512;101.096091;15737.2
0.00123250695469324;101.096091;23517.19
0.00123375696421135;101.096091;22152.4
0.00123500696645351;101.096091;17766.68
0.00123625697597163;101.096091;12307.32
0.00123750698548974;101.096091;9937.264
0.0012387569877319;101.096091;8427.879
0.00124000699725002;101.096091;7090.978
0.00124125700676814;101.096091;6814.809
0.0012425070090103;101.096091;6490.601
0.00124375701852841;101.096091;6369.439
0.00124500702804653;101.096091;6018.767
0.00124625703756465;101.096091;5926.277
0.00124750703980681;101.096091;6110.266
0.00124875704932492;101.096091;5529.538
0.00125000705156708;101.096091;5724.127
0.0012512570610852;101.096091;5515.547
0.00125250706332736;101.096091;5307.227
0.00125375707284547;101.096091;5169.037
0.00125500708236359;101.096091;4927.534
0.00125625708460575;101.096091;4593.429
0.00125750709412387;101.096091;4458.12
0.00125875710364198;101.096091;4835.658
0.00126000710588414;101.096091;4000.61
0.00126125711540226;101.096091;4193.805
0.00126250712492038;101.096091;4298.273
0.00126375712716253;101.096091;4208.919
0.00126500713668065;101.096091;3800.076
0.00126625714619877;101.096091;3739.168
0.00126750714844093;101.096091;3523.956
0.00126875715795904;101.096091;3794.439
0.00127000716747716;101.096091;3550.667
0.00127125716971932;101.096091;3316.651
0.00127250717923744;101.096091;3577.019
0.00127375718875555;101.096091;3558.645
0.00127500719827367;101.096091;3442.697
0.00127625720051583;101.096091;3500.621
0.00127750721003395;101.096091;3529.87
0.00127875721955206;101.096091;3816.397
0.00128000722179422;101.096091;3561.967
0.00128125723131234;101.096091;3143.549
0.00128250724083045;101.096091;3447.775
0.00128375724307261;101.096091;3295.499
0.00128500725259073;101.096091;3191.256
0.00128625726210885;101.096091;3362.21
0.00128750726435101;101.096091;2840.078
0.00128875727386912;101.096091;3231.125
0.00129000727611128;101.096091;3119.055
0.0012912572856294;101.096091;2947.801
0.00129250728787156;101.096091;2711.471
0.00129375729738967;101.096091;2867.165
0.00129500730690779;101.096091;2943.519
0.00129625730914995;101.096091;3006.474
0.00129750731866807;101.096091;3205.572
0.00129875732818618;101.096091;3093.471
0.00130000733042834;101.096091;2980.87
0.00130125733994646;101.096091;2698.376
0.00130250734946458;101.096091;2873.012
0.00130375735170674;101.096091;2775.871
0.00130500736122485;101.096091;2583.467
0.00130625737074297;101.096091;2495.954
0.00130750738026109;101.096091;2596.866
0.00130875738250325;101.096091;2753.526
0.00131000739202136;101.096091;2498.426
0.00131125740153948;101.096091;2972.11
0.00131250740378164;101.096091;2617.643
0.00131375741329975;101.096091;2967.343
0.00131500742281787;101.096091;2577.708
0.00131625742506003;101.096091;2564.407
0.00131750743457815;101.096091;2696.382
0.00131875744409626;101.096091;2536.876
0.00132000744633842;101.096091;2739.7
0.00132125745585654;101.096091;2645.152
0.00132250746537466;101.096091;2483.629
0.00132375747489277;101.096091;2468.174
0.00132500747713493;101.096091;2797.785
0.00132625748665305;101.096091;2764.831
0.00132750748889521;101.096091;2238.246
0.00132875749841332;101.096091;2635.108
0.00133000750065548;101.096091;2706.86
0.0013312575101736;101.096091;2248.04
0.00133250751241576;101.096091;2637.872
0.00133375752193388;101.096091;2379.728
0.00133500753145199;101.096091;2648.756
0.00133625754097011;101.096091;2689.322
0.00133750754321227;101.096091;2202.369
0.00133875755273039;101.096091;2545.98
0.0013400075622485;101.096091;2468.112
0.00134125756449066;101.096091;2634.437
0.00134250757400878;101.096091;2138.961
0.00134375758352689;101.096091;2438.853
0.00134500758576905;101.096091;2575.295
0.00134625759528717;101.096091;2408.009
0.00134750760480529;101.096091;2379.161
0.00134875760704745;101.096091;2216.748
0.00135000761656556;101.096091;2312.911
0.00135125762608368;101.096091;2365.167
0.0013525076356018;101.096091;2425.494
0.00135375763784396;101.096091;2586.682
0.00135500764736207;101.096091;2418.972
0.00135625765688019;101.096091;2358.619
0.00135750765912235;101.096091;2408.975
0.00135875766864046;101.096091;2050.015
0.00136000767815858;101.096091;2119.199
0.00136125768040074;101.096091;2317.373
0.00136250768991886;101.096091;2014.67
0.00136375769943697;101.096091;2310.152
0.00136500770167913;101.096091;2172.064
0.00136625771119725;101.096091;2287.799
0.00136750771343941;101.096091;2297.438
0.00136875772295753;101.096091;2257.902
0.00137000772519968;101.096091;2004.291
0.0013712577347178;101.096091;2341.132
0.00137250774423592;101.096091;2255.714
0.00137375774647808;101.096091;2524.874
0.00137500775599619;101.096091;2044.311
0.00137625776551431;101.096091;2279.19
0.00137750776775647;101.096091;2144.658
0.00137875777727459;101.096091;2079.096
0.0013800077867927;101.096091;2304.671
0.00138125779631082;101.096091;2161.5
0.00138250779855298;101.096091;2347.109
0.0013837578080711;101.096091;2357.235
0.00138500781758921;101.096091;2199.619
0.00138625781983137;101.096091;2447.249
0.00138750782934949;101.096091;2447.089
0.0013887578388676;101.096091;2071.451
0.00139000784110976;101.096091;2428.168
0.00139125785062788;101.096091;2218.104
0.001392507860146;101.096091;2319.761
0.00139375786238816;101.096091;2238.043
0.00139500787190627;101.096091;2169.191
0.00139625788142439;101.096091;2379.019
0.00139750789094251;101.096091;2130.751
0.00139875789318467;101.096091;2209.035
0.00140000790270278;101.096091;2004.027
0.00140125790494494;101.096091;2149.445
0.00140250791446306;101.096091;2109.659
0.00140375792398117;101.096091;2180.032
0.00140500792622333;101.096091;2348.473
0.00140625793574145;101.096091;2093.48
0.00140750793798361;101.096091;2011.766
0.00140875794750173;101.096091;2141.464
0.00141000794974389;101.096091;2004.722
0.001411257959262;101.096091;1982.718
0.00141250796878012;101.096091;2236.132
0.00141375797829824;101.096091;2163.392
0.00141500798054039;101.096091;2121.629
0.00141625799005851;101.096091;2045.548
0.00141750799957663;101.096091;2073.574
0.00141875800181879;101.096091;2219.77
0.0014200080113369;101.096091;2100.28
0.00142125802085502;101.096091;2121
0.00142250802309718;101.096091;2267.736
0.0014237580326153;101.096091;2022.656
0.00142500804213341;101.096091;2151.046
0.00142625805165153;101.096091;1912.828
0.00142750805389369;101.096091;2069.463
0.00142875806341181;101.096091;2100.425
0.00143000807292992;101.096091;2010.334
0.00143125807517208;101.096091;1982.145
0.0014325080846902;101.096091;2093.08
0.00143375809420832;101.096091;1973.957
0.00143500809645047;101.096091;2346.77
0.00143625810596859;101.096091;2178.028
0.00143750811548671;101.096091;1952.837
0.00143875811772887;101.096091;1925.251
0.00144000812724698;101.096091;2340.536
0.00144125812948914;101.096091;2122.104
0.00144250813900726;101.096091;1953.204
0.00144375814852538;101.096091;2071.56
0.00144500815076753;101.096091;2210.806
0.00144625816028565;101.096091;1914.061
0.00144750816252781;101.096091;2339.838
0.00144875817204593;101.096091;1835.709
0.00145000818156404;101.096091;2041.896
0.0014512581838062;101.096091;2278.459
0.00145250819332432;101.096091;2113.298
0.00145375820284244;101.096091;1905.954
0.0014550082050846;101.096091;2200.046
0.00145625821460271;101.096091;1974.272
0.00145750822412083;101.096091;2162.811
0.00145875823363895;101.096091;1875.487
0.00146000823588111;101.096091;2022.513
0.00146125824539922;101.096091;1768.994
0.00146250825491734;101.096091;2107.123
0.0014637582571595;101.096091;1926.538
0.00146500826667761;101.096091;2180.573
0.00146625827619573;101.096091;2150.519
0.00146750827843789;101.096091;2218.59
0.00146875828795601;101.096091;2244.535
0.00147000829747412;101.096091;1944.372
0.00147125829971628;101.096091;1662.062
0.0014725083092344;101.096091;1992.372
0.00147375831875252;101.096091;2249.815
0.00147500832827063;101.096091;2158.353
0.00147625833051279;101.096091;2307.093
0.00147750834003091;101.096091;1946.246
0.00147875834227307;101.096091;1932.734
0.00148000835179118;101.096091;2198.809
0.00148125835403334;101.096091;1797.829
0.00148250836355146;101.096091;2090.046
0.00148375837306958;101.096091;2081.151
0.00148500837531174;101.096091;2042.741
0.00148625838482985;101.096091;1912.067
0.00148750839434797;101.096091;1986.349
0.00148875839659013;101.096091;2098.744
0.00149000840610825;101.096091;2081.705
0.00149125841562636;101.096091;1907.182
0.00149250841786852;101.096091;1933.2
0.00149375842738664;101.096091;1886.067
0.00149500843690475;101.096091;1962.499
0.00149625843914691;101.096091;1913.168
